[{"pmid":32083083,"studydesign":"Quasi-experimental","samplesize":"11","controlgroup":"False","evidencelevel":"C"},{"pmid":26896913,"studydesign":"Quasi-experimental","samplesize":"42","controlgroup":"False","evidencelevel":"B"},{"pmid":29991131,"studydesign":"Randomized control trials","samplesize":"298","controlgroup":"True","evidencelevel":"A"},{"pmid":16618375,"studydesign":"Randomized control trials","samplesize":"38","controlgroup":"True","evidencelevel":"A"},{"pmid":19628939,"studydesign":"Randomized control trials","samplesize":"30","controlgroup":"True","evidencelevel":"A"},{"pmid":32581760,"studydesign":"Systematic\/Meta-analysis","samplesize":"863","controlgroup":null,"evidencelevel":"A"},{"pmid":31142196,"studydesign":"Randomized control trials","samplesize":"12","controlgroup":"False","evidencelevel":"A"},{"pmid":17997624,"studydesign":"Quasi-experimental","samplesize":"28","controlgroup":"False","evidencelevel":"C"},{"pmid":28714736,"studydesign":"Quasi-experimental","samplesize":"25","controlgroup":"False","evidencelevel":"C"},{"pmid":26483829,"studydesign":"Randomized control trials","samplesize":"20","controlgroup":"True","evidencelevel":"A"},{"pmid":30072173,"studydesign":"Randomized control trials","samplesize":"65","controlgroup":"True","evidencelevel":"A"},{"pmid":28619985,"studydesign":"Randomized control trials","samplesize":"123","controlgroup":"True","evidencelevel":"A"},{"pmid":28138867,"studydesign":"Randomized control trials","samplesize":"38","controlgroup":"True","evidencelevel":"A"},{"pmid":25916420,"studydesign":"Randomized control trials","samplesize":"33","controlgroup":"True","evidencelevel":"A"},{"pmid":30271375,"studydesign":"Randomized control trials","samplesize":"35","controlgroup":"True","evidencelevel":"A"},{"pmid":27532880,"studydesign":"Randomized control trials","samplesize":"17","controlgroup":"True","evidencelevel":"A"},{"pmid":24020037,"studydesign":"Randomized control trials","samplesize":"21","controlgroup":"False","evidencelevel":"A"},{"pmid":26000622,"studydesign":"Randomized control trials","samplesize":"20","controlgroup":"True","evidencelevel":"A"},{"pmid":36466174,"studydesign":"Systematic\/Meta-analysis","samplesize":"211","controlgroup":null,"evidencelevel":"A"},{"pmid":27084833,"studydesign":"Systematic\/Meta-analysis","samplesize":"365","controlgroup":null,"evidencelevel":"A"},{"pmid":31298550,"studydesign":"Systematic\/Meta-analysis","samplesize":"516","controlgroup":null,"evidencelevel":"A"},{"pmid":34816318,"studydesign":"Systematic\/Meta-analysis","samplesize":"115","controlgroup":null,"evidencelevel":"A"},{"pmid":36399968,"studydesign":"Systematic\/Meta-analysis","samplesize":"1625","controlgroup":null,"evidencelevel":"A"},{"pmid":24966827,"studydesign":"Others","samplesize":"2","controlgroup":"False","evidencelevel":"C"},{"pmid":29560318,"studydesign":"Quasi-experimental","samplesize":"20","controlgroup":"False","evidencelevel":"B"},{"pmid":27445970,"studydesign":"Quasi-experimental","samplesize":"25","controlgroup":"False","evidencelevel":"B"},{"pmid":24904358,"studydesign":"Randomized control trials","samplesize":"28","controlgroup":"False","evidencelevel":"A"},{"pmid":33341022,"studydesign":"Randomized control trials","samplesize":"60","controlgroup":"True","evidencelevel":"A"},{"pmid":33946687,"studydesign":"Randomized control trials","samplesize":"32","controlgroup":"True","evidencelevel":"A"},{"pmid":30086617,"studydesign":"Quasi-experimental","samplesize":"8","controlgroup":"False","evidencelevel":"B"},{"pmid":10845352,"studydesign":"Randomized control trials","samplesize":"32","controlgroup":"True","evidencelevel":"A"},{"pmid":31081485,"studydesign":"Randomized control trials","samplesize":"75","controlgroup":"True","evidencelevel":"A"},{"pmid":36673802,"studydesign":"Systematic\/Meta-analysis","samplesize":"417","controlgroup":null,"evidencelevel":"A"},{"pmid":26858628,"studydesign":"Randomized control trials","samplesize":"55","controlgroup":"True","evidencelevel":"A"},{"pmid":11796078,"studydesign":"Quasi-experimental","samplesize":"4","controlgroup":"False","evidencelevel":"C"},{"pmid":26987751,"studydesign":"Randomized control trials","samplesize":"27","controlgroup":"False","evidencelevel":"A"},{"pmid":34960415,"studydesign":"Quasi-experimental","samplesize":"19","controlgroup":"False","evidencelevel":"B"},{"pmid":26380242,"studydesign":"Randomized control trials","samplesize":"27","controlgroup":"True","evidencelevel":"A"},{"pmid":36276324,"studydesign":"Systematic\/Meta-analysis","samplesize":"608","controlgroup":null,"evidencelevel":"A"},{"pmid":34567544,"studydesign":"Randomized control trials","samplesize":"15","controlgroup":"True","evidencelevel":"A"},{"pmid":18592368,"studydesign":"Randomized control trials","samplesize":"13","controlgroup":"True","evidencelevel":"A"},{"pmid":32950853,"studydesign":"Randomized control trials","samplesize":"22","controlgroup":"False","evidencelevel":"B"},{"pmid":30211331,"studydesign":"Systematic\/Meta-analysis","samplesize":"746","controlgroup":null,"evidencelevel":"A"},{"pmid":35310290,"studydesign":"Others","samplesize":"5","controlgroup":"False","evidencelevel":"C"},{"pmid":25099983,"studydesign":"Randomized control trials","samplesize":"52","controlgroup":"True","evidencelevel":"A"},{"pmid":34020291,"studydesign":"Systematic\/Meta-analysis","samplesize":"2053","controlgroup":null,"evidencelevel":"A"},{"pmid":32017183,"studydesign":"Systematic\/Meta-analysis","samplesize":"1548","controlgroup":"True","evidencelevel":"A"},{"pmid":34847285,"studydesign":"Systematic\/Meta-analysis","samplesize":"2903","controlgroup":null,"evidencelevel":"A"},{"pmid":33285746,"studydesign":"Randomized control trials","samplesize":"80","controlgroup":"True","evidencelevel":"A"},{"pmid":34041615,"studydesign":"Randomized control trials","samplesize":"100","controlgroup":"True","evidencelevel":"A"},{"pmid":34134947,"studydesign":"Randomized control trials","samplesize":"160","controlgroup":"True","evidencelevel":"A"},{"pmid":21933563,"studydesign":"Randomized control trials","samplesize":"120","controlgroup":"True","evidencelevel":"A"},{"pmid":36687940,"studydesign":"Systematic\/Meta-analysis","samplesize":"1320","controlgroup":null,"evidencelevel":"A"},{"pmid":37032801,"studydesign":"Systematic\/Meta-analysis","samplesize":"726*","controlgroup":"A","evidencelevel":null},{"pmid":35689676,"studydesign":"Systematic\/Meta-analysis","samplesize":"279","controlgroup":null,"evidencelevel":"A"},{"pmid":20386063,"studydesign":"Randomized control trials","samplesize":"40","controlgroup":"True","evidencelevel":"A"},{"pmid":26331434,"studydesign":"Randomized control trials","samplesize":"60","controlgroup":"True","evidencelevel":"A"},{"pmid":25181938,"studydesign":"Randomized control trials","samplesize":"170","controlgroup":"True","evidencelevel":"A"},{"pmid":21978087,"studydesign":"Randomized control trials","samplesize":"120","controlgroup":"True","evidencelevel":"A"},{"pmid":34563626,"studydesign":"Longitudinal cohort","samplesize":"1746","controlgroup":"False","evidencelevel":"B"},{"pmid":27838685,"studydesign":"Randomized control trials","samplesize":"50","controlgroup":"True","evidencelevel":"A"},{"pmid":27979609,"studydesign":"Quasi-experimental","samplesize":"26","controlgroup":"True","evidencelevel":"C"},{"pmid":25224125,"studydesign":"Randomized control trials","samplesize":"290","controlgroup":"True","evidencelevel":"A"},{"pmid":28775679,"studydesign":"Randomized control trials","samplesize":"64","controlgroup":"True","evidencelevel":"A"},{"pmid":32892305,"studydesign":"Randomized control trials(Controlled Clinical Trial)","samplesize":"60","controlgroup":"False","evidencelevel":"B"},{"pmid":35813784,"studydesign":"Randomized control trials","samplesize":"90","controlgroup":"True","evidencelevel":"A"},{"pmid":25745385,"studydesign":"Randomized control trials","samplesize":"63","controlgroup":"True","evidencelevel":"A"},{"pmid":34477246,"studydesign":"Randomized control trials","samplesize":"75","controlgroup":"True","evidencelevel":"A"},{"pmid":25721305,"studydesign":"Randomized control trials","samplesize":"66","controlgroup":"True","evidencelevel":"A"},{"pmid":15840076,"studydesign":"Randomized control trials","samplesize":"64","controlgroup":"True","evidencelevel":"A"},{"pmid":25490233,"studydesign":"Systematic\/Meta-analysis","samplesize":"805","controlgroup":null,"evidencelevel":"A"},{"pmid":23689789,"studydesign":"Randomized control trials","samplesize":"286","controlgroup":"True","evidencelevel":"A"},{"pmid":21323778,"studydesign":"Randomized control trials","samplesize":"60","controlgroup":"True","evidencelevel":"A"},{"pmid":12590891,"studydesign":"Qualitative","samplesize":"20","controlgroup":"True","evidencelevel":"C"},{"pmid":30897585,"studydesign":"Randomized control trials","samplesize":"80","controlgroup":"True","evidencelevel":"A"},{"pmid":17077429,"studydesign":"Randomized control trials","samplesize":"81","controlgroup":"True","evidencelevel":"A"},{"pmid":33002835,"studydesign":"Systematic\/Meta-analysis","samplesize":"1212","controlgroup":null,"evidencelevel":"A"},{"pmid":27654229,"studydesign":"Randomized control trials","samplesize":"70","controlgroup":"True","evidencelevel":"A"},{"pmid":24280478,"studydesign":"Randomized control trials","samplesize":"80","controlgroup":"True","evidencelevel":"A"},{"pmid":28553702,"studydesign":"Systematic\/Meta-analysis","samplesize":"1215","controlgroup":null,"evidencelevel":"A"},{"pmid":26812906,"studydesign":"Systematic\/Meta-analysis","samplesize":"804","controlgroup":null,"evidencelevel":"A"},{"pmid":34658524,"studydesign":"Randomized control trials","samplesize":"26*","controlgroup":"True","evidencelevel":"C"},{"pmid":33144384,"studydesign":"Systematic\/Meta-analysis","samplesize":"812","controlgroup":null,"evidencelevel":"A"},{"pmid":32313456,"studydesign":"Others","samplesize":"11","controlgroup":"False","evidencelevel":"C"},{"pmid":26522499,"studydesign":"Randomized control trials","samplesize":"68","controlgroup":"True","evidencelevel":"A"},{"pmid":31642408,"studydesign":"Randomized control trials","samplesize":"39","controlgroup":"True","evidencelevel":"A"},{"pmid":32891292,"studydesign":"Randomized control trials","samplesize":"30","controlgroup":"True","evidencelevel":"A"},{"pmid":33657970,"studydesign":"Randomized control trials","samplesize":"38","controlgroup":"True","evidencelevel":"A"},{"pmid":36979332,"studydesign":"Systematic\/Meta-analysis","samplesize":"NA*","controlgroup":null,"evidencelevel":"A"},{"pmid":36009107,"studydesign":"Quasi-experimental*","samplesize":"16","controlgroup":"True","evidencelevel":"B"},{"pmid":19027186,"studydesign":"Quasi-experimental","samplesize":"13","controlgroup":"False","evidencelevel":"C"},{"pmid":31427898,"studydesign":"Randomized control trials","samplesize":"100","controlgroup":"True","evidencelevel":"A"},{"pmid":37024863,"studydesign":"Systematic\/Meta-analysis","samplesize":"2306","controlgroup":null,"evidencelevel":"A"},{"pmid":30012391,"studydesign":"Randomized control trials","samplesize":"120","controlgroup":"True","evidencelevel":"A"},{"pmid":27096963,"studydesign":"Systematic\/Meta-analysis","samplesize":"nan","controlgroup":null,"evidencelevel":"A*"},{"pmid":30249121,"studydesign":"Randomized control trials","samplesize":"24","controlgroup":"True","evidencelevel":"A"},{"pmid":28260913,"studydesign":"Randomized control trials","samplesize":"99","controlgroup":"True","evidencelevel":"A"},{"pmid":30222176,"studydesign":"Randomized control trials","samplesize":"23","controlgroup":"True","evidencelevel":"A"},{"pmid":34828484,"studydesign":"Randomized control trials","samplesize":"65","controlgroup":"True","evidencelevel":"A"},{"pmid":33466179,"studydesign":"Systematic\/Meta-analysis","samplesize":"722","controlgroup":null,"evidencelevel":"A"},{"pmid":27146798,"studydesign":"Randomized control trials","samplesize":"66","controlgroup":"True","evidencelevel":"A"},{"pmid":31598509,"studydesign":"Randomized control trials","samplesize":"60","controlgroup":"True","evidencelevel":"A"},{"pmid":25901379,"studydesign":null,"samplesize":"nan","controlgroup":null,"evidencelevel":null},{"pmid":33152443,"studydesign":"Randomized control trials","samplesize":"87","controlgroup":"True","evidencelevel":"A"},{"pmid":23134272,"studydesign":"Cross-sectional","samplesize":"40","controlgroup":"True","evidencelevel":"C"},{"pmid":32328772,"studydesign":"Systematic\/Meta-analysis","samplesize":"632","controlgroup":null,"evidencelevel":"A"},{"pmid":23108015,"studydesign":"Randomized control trials","samplesize":"55","controlgroup":"True","evidencelevel":"A"},{"pmid":32505520,"studydesign":"Systematic\/Meta-analysis","samplesize":"nan","controlgroup":null,"evidencelevel":"A"},{"pmid":26283951,"studydesign":"Quasi-experimental","samplesize":"30","controlgroup":"False","evidencelevel":"C"},{"pmid":27670863,"studydesign":"Randomized control trials","samplesize":"35","controlgroup":"True","evidencelevel":"A"},{"pmid":26245724,"studydesign":"Randomized control trials","samplesize":"37","controlgroup":"True","evidencelevel":"C"},{"pmid":36334181,"studydesign":"Case-control","samplesize":"24","controlgroup":"True","evidencelevel":"B"},{"pmid":32056820,"studydesign":"Randomized control trials","samplesize":"112","controlgroup":"True","evidencelevel":"A"},{"pmid":12173164,"studydesign":"Randomized control trials","samplesize":"32","controlgroup":"True","evidencelevel":"A"},{"pmid":30260780,"studydesign":"Randomized control trials","samplesize":"154","controlgroup":"True","evidencelevel":"A"},{"pmid":22397390,"studydesign":"Randomized control trials","samplesize":"76","controlgroup":"True","evidencelevel":"A"},{"pmid":14622675,"studydesign":"Randomized control trials","samplesize":"45","controlgroup":"True","evidencelevel":"A"},{"pmid":11866419,"studydesign":"Quasi-experimental","samplesize":"101","controlgroup":"False","evidencelevel":"B"},{"pmid":22781506,"studydesign":"Qualitative","samplesize":"6","controlgroup":"False","evidencelevel":"C"},{"pmid":16897144,"studydesign":"Randomized control trials","samplesize":"83","controlgroup":"True","evidencelevel":"A"},{"pmid":33280783,"studydesign":"Randomized control trials","samplesize":"64","controlgroup":"True","evidencelevel":"A"},{"pmid":30072130,"studydesign":"Randomized control trials","samplesize":"161","controlgroup":"True","evidencelevel":"A"},{"pmid":17645384,"studydesign":"Randomized control trials","samplesize":"103*","controlgroup":"True","evidencelevel":"A"},{"pmid":35285439,"studydesign":"Randomized control trials","samplesize":"94","controlgroup":"True","evidencelevel":"A"},{"pmid":36650441,"studydesign":"Randomized control trials","samplesize":"86","controlgroup":"True","evidencelevel":"A"},{"pmid":31799291,"studydesign":"Randomized control trials","samplesize":"12","controlgroup":"True","evidencelevel":"B"},{"pmid":20498613,"studydesign":"Randomized control trials","samplesize":"31","controlgroup":"True","evidencelevel":"A"},{"pmid":28302117,"studydesign":"Systematic\/Meta-analysis","samplesize":"804","controlgroup":null,"evidencelevel":"A"},{"pmid":34906387,"studydesign":"Systematic\/Meta-analysis","samplesize":"1061","controlgroup":null,"evidencelevel":"A"},{"pmid":33288333,"studydesign":"Randomized control trials","samplesize":"30","controlgroup":"True","evidencelevel":"A"},{"pmid":35347418,"studydesign":"Randomized control trials","samplesize":"62","controlgroup":"True","evidencelevel":"A"},{"pmid":33224077,"studydesign":"Others","samplesize":"4","controlgroup":"False","evidencelevel":"C"},{"pmid":27942868,"studydesign":"Randomized control trials","samplesize":"100","controlgroup":"True","evidencelevel":"A"},{"pmid":24469862,"studydesign":"Randomized control trials","samplesize":"113","controlgroup":"False","evidencelevel":"A"},{"pmid":25045035,"studydesign":"Randomized control trials","samplesize":"19","controlgroup":"True","evidencelevel":"B"},{"pmid":15327343,"studydesign":"Randomized control trials","samplesize":"20","controlgroup":"True","evidencelevel":"B"},{"pmid":33387863,"studydesign":"Case-control","samplesize":"10","controlgroup":"True","evidencelevel":"C"},{"pmid":31977888,"studydesign":"Randomized control trials","samplesize":"30","controlgroup":"True","evidencelevel":"A"},{"pmid":31879625,"studydesign":"Randomized control trials","samplesize":"50","controlgroup":"True","evidencelevel":"A"},{"pmid":33388728,"studydesign":"Quasi-experimental","samplesize":"15","controlgroup":"False","evidencelevel":"C"},{"pmid":26573456,"studydesign":"Randomized control trials","samplesize":"34","controlgroup":"True","evidencelevel":"A"},{"pmid":36837411,"studydesign":"Systematic\/Meta-analysis","samplesize":"1386","controlgroup":null,"evidencelevel":"A"},{"pmid":29484877,"studydesign":"Randomized control trials","samplesize":"18","controlgroup":"True","evidencelevel":"B"},{"pmid":36176557,"studydesign":"Systematic\/Meta-analysis","samplesize":"nan","controlgroup":null,"evidencelevel":"A"},{"pmid":33590470,"studydesign":"Randomized control trials","samplesize":"18","controlgroup":"True","evidencelevel":"B"},{"pmid":20112480,"studydesign":"Randomized control trials","samplesize":"60","controlgroup":"True","evidencelevel":"A"},{"pmid":35356462,"studydesign":"Quasi-experimental","samplesize":"17","controlgroup":"False","evidencelevel":"C"},{"pmid":28937272,"studydesign":"Randomized control trials","samplesize":"45","controlgroup":"True","evidencelevel":"A"},{"pmid":12597728,"studydesign":"Others","samplesize":"12","controlgroup":"True","evidencelevel":"C"},{"pmid":32106559,"studydesign":"Randomized control trials","samplesize":"24","controlgroup":"True","evidencelevel":"B"},{"pmid":32404771,"studydesign":"Systematic\/Meta-analysis","samplesize":"201","controlgroup":null,"evidencelevel":"A"},{"pmid":36148124,"studydesign":"Randomized control trials","samplesize":"90","controlgroup":"True","evidencelevel":"A"},{"pmid":32337122,"studydesign":"Randomized control trials","samplesize":"57","controlgroup":"True","evidencelevel":"A"},{"pmid":30770536,"studydesign":"Randomized control trials","samplesize":"32","controlgroup":"True","evidencelevel":"A"},{"pmid":22207250,"studydesign":"Randomized control trials","samplesize":"62","controlgroup":"True","evidencelevel":"A"},{"pmid":16835556,"studydesign":"Randomized control trials","samplesize":"12","controlgroup":"False","evidencelevel":"C"},{"pmid":33036637,"studydesign":"Systematic\/Meta-analysis","samplesize":"555","controlgroup":null,"evidencelevel":"A"},{"pmid":32181048,"studydesign":"Randomized control trials","samplesize":"36","controlgroup":"True","evidencelevel":"A"},{"pmid":36031855,"studydesign":"Randomized control trials","samplesize":"90","controlgroup":"True","evidencelevel":"A"},{"pmid":29570546,"studydesign":"Randomized control trials","samplesize":"163","controlgroup":"True","evidencelevel":"A"},{"pmid":35645134,"studydesign":"Randomized control trials","samplesize":"70","controlgroup":"True","evidencelevel":"A"},{"pmid":21320217,"studydesign":"Quasi-experimental","samplesize":"60","controlgroup":"True","evidencelevel":"B"},{"pmid":25078946,"studydesign":"Quasi-experimental","samplesize":"97","controlgroup":"True","evidencelevel":"B"},{"pmid":32296470,"studydesign":"Randomized control trials","samplesize":"59","controlgroup":"True","evidencelevel":"A"},{"pmid":23493927,"studydesign":"Randomized control trials","samplesize":"60","controlgroup":"True","evidencelevel":"A"},{"pmid":32405474,"studydesign":"Randomized control trials","samplesize":"41","controlgroup":"True","evidencelevel":"A"},{"pmid":34658886,"studydesign":"Randomized control trials","samplesize":"243","controlgroup":"True","evidencelevel":"A"},{"pmid":29167742,"studydesign":"Randomized control trials","samplesize":"90","controlgroup":"True","evidencelevel":"A"},{"pmid":17636513,"studydesign":"Randomized control trials","samplesize":"60","controlgroup":"True","evidencelevel":"A"},{"pmid":32888828,"studydesign":"Randomized control trials","samplesize":"150","controlgroup":"True","evidencelevel":"A"},{"pmid":31523022,"studydesign":"Randomized control trials","samplesize":"120","controlgroup":"True","evidencelevel":"A"},{"pmid":31955895,"studydesign":"Case-control","samplesize":"241","controlgroup":"True","evidencelevel":"B"},{"pmid":18298503,"studydesign":"Randomized control trials","samplesize":"236","controlgroup":"True","evidencelevel":"A"},{"pmid":29471206,"studydesign":"Randomized control trials","samplesize":"409","controlgroup":"True","evidencelevel":"A"},{"pmid":24411681,"studydesign":"Randomized control trials","samplesize":"141","controlgroup":"True","evidencelevel":"A"},{"pmid":16287051,"studydesign":"Randomized control trials","samplesize":"64","controlgroup":"True","evidencelevel":"A"},{"pmid":35150494,"studydesign":"Randomized control trials","samplesize":"198","controlgroup":"True","evidencelevel":"A"},{"pmid":25227477,"studydesign":"Randomized control trials","samplesize":"156","controlgroup":"True","evidencelevel":"A"},{"pmid":26573448,"studydesign":"Randomized control trials","samplesize":"90","controlgroup":"True","evidencelevel":"A"},{"pmid":35381132,"studydesign":"Systematic\/Meta-analysis","samplesize":"6146","controlgroup":null,"evidencelevel":"A"},{"pmid":34849370,"studydesign":"Systematic\/Meta-analysis","samplesize":"395","controlgroup":null,"evidencelevel":"A"},{"pmid":36589598,"studydesign":"Randomized control trials","samplesize":"105","controlgroup":"True","evidencelevel":"A"},{"pmid":26093514,"studydesign":"Others","samplesize":"11","controlgroup":"False","evidencelevel":"C"},{"pmid":26458741,"studydesign":"Randomized control trials*","samplesize":"400","controlgroup":"False","evidencelevel":"B"},{"pmid":26910438,"studydesign":"Randomized control trials","samplesize":"89","controlgroup":"True","evidencelevel":"A"},{"pmid":33530169,"studydesign":"Systematic\/Meta-analysis","samplesize":"312","controlgroup":null,"evidencelevel":"A"},{"pmid":33880759,"studydesign":"Systematic\/Meta-analysis","samplesize":"nan","controlgroup":null,"evidencelevel":"A"},{"pmid":35212283,"studydesign":"Systematic\/Meta-analysis","samplesize":"nan","controlgroup":null,"evidencelevel":"A"},{"pmid":33412993,"studydesign":"Others","samplesize":"12","controlgroup":"False","evidencelevel":"C"},{"pmid":26056862,"studydesign":"Randomized control trials","samplesize":"30","controlgroup":"True","evidencelevel":"A"},{"pmid":36510393,"studydesign":"Others","samplesize":"1152","controlgroup":"False","evidencelevel":"B"},{"pmid":22903909,"studydesign":"Randomized control trials","samplesize":"17","controlgroup":"True","evidencelevel":"B"},{"pmid":26066780,"studydesign":"Randomized control trials","samplesize":"30","controlgroup":"False*","evidencelevel":"B"},{"pmid":28287863,"studydesign":"Quasi-experimental","samplesize":"21","controlgroup":"False","evidencelevel":"C"},{"pmid":35954803,"studydesign":"Others","samplesize":"24","controlgroup":"False","evidencelevel":"C"},{"pmid":32859801,"studydesign":"Randomized control trials","samplesize":"18","controlgroup":"True","evidencelevel":"B"},{"pmid":34558534,"studydesign":"Randomized control trials","samplesize":"26","controlgroup":"True","evidencelevel":"B"},{"pmid":31038430,"studydesign":"Randomized control trials","samplesize":"35","controlgroup":"True","evidencelevel":"A"},{"pmid":14669295,"studydesign":"Randomized control trials","samplesize":"69","controlgroup":"True","evidencelevel":"A"},{"pmid":27863609,"studydesign":"Randomized control trials","samplesize":"130","controlgroup":"True","evidencelevel":"A"},{"pmid":26543350,"studydesign":"Randomized control trials","samplesize":"41","controlgroup":"True","evidencelevel":"B"},{"pmid":30670340,"studydesign":"Others","samplesize":"11","controlgroup":null,"evidencelevel":"C"},{"pmid":25462517,"studydesign":"Qualitative","samplesize":"44","controlgroup":"False*","evidencelevel":"C"},{"pmid":35162514,"studydesign":"Quasi-experimental","samplesize":"17","controlgroup":"False","evidencelevel":"C"},{"pmid":36879223,"studydesign":"Randomized control trials","samplesize":"36","controlgroup":"True","evidencelevel":"A"},{"pmid":24256453,"studydesign":"Randomized control trials","samplesize":"99","controlgroup":"True","evidencelevel":"A"},{"pmid":29222834,"studydesign":"Quasi-experimental","samplesize":"49","controlgroup":"True","evidencelevel":"B"},{"pmid":20663139,"studydesign":"Others*","samplesize":"18","controlgroup":"False","evidencelevel":"C"},{"pmid":26719801,"studydesign":"Qualitative*","samplesize":"18","controlgroup":"False","evidencelevel":"C"},{"pmid":35741686,"studydesign":"Others","samplesize":"24","controlgroup":"False","evidencelevel":"C"},{"pmid":24980265,"studydesign":"Randomized control trials","samplesize":"114","controlgroup":"True","evidencelevel":"A"},{"pmid":31744526,"studydesign":"Randomized control trials","samplesize":"120","controlgroup":"True","evidencelevel":"A"},{"pmid":33371722,"studydesign":"Others*","samplesize":"30","controlgroup":"False","evidencelevel":"B"},{"pmid":35435875,"studydesign":"Randomized control trials","samplesize":"61","controlgroup":"True","evidencelevel":"A"},{"pmid":23218591,"studydesign":"Quasi-experimental","samplesize":"200","controlgroup":"True","evidencelevel":"B"},{"pmid":31116262,"studydesign":"Randomized control trials","samplesize":"91","controlgroup":"True","evidencelevel":"A"},{"pmid":30448441,"studydesign":"Others","samplesize":"8","controlgroup":"False","evidencelevel":"C"},{"pmid":33964406,"studydesign":"Systematic\/Meta-analysis","samplesize":"429","controlgroup":null,"evidencelevel":"A"},{"pmid":33664158,"studydesign":"Randomized control trials","samplesize":"15","controlgroup":"True","evidencelevel":"B"},{"pmid":29253180,"studydesign":"Randomized control trials","samplesize":"40","controlgroup":"True","evidencelevel":"A"},{"pmid":24668261,"studydesign":"Randomized control trials","samplesize":"121","controlgroup":"True","evidencelevel":"A"},{"pmid":33549732,"studydesign":"Randomized control trials","samplesize":"100","controlgroup":"True","evidencelevel":"A"},{"pmid":29345398,"studydesign":"Randomized control trials","samplesize":"60","controlgroup":"True","evidencelevel":"A"},{"pmid":12886915,"studydesign":"Others(Clinical Trial)","samplesize":"151","controlgroup":"True","evidencelevel":"B"},{"pmid":12920428,"studydesign":"Randomized control trials","samplesize":"198","controlgroup":"True","evidencelevel":"A"},{"pmid":35369398,"studydesign":"Randomized control trials","samplesize":"40","controlgroup":"True","evidencelevel":"A"},{"pmid":24280479,"studydesign":"Randomized control trials","samplesize":"100","controlgroup":"True","evidencelevel":"A"},{"pmid":15816586,"studydesign":"Randomized control trials(Clinical Trial)","samplesize":"75","controlgroup":"True","evidencelevel":"A"},{"pmid":31785131,"studydesign":"Systematic\/Meta-analysis","samplesize":"NA*","controlgroup":null,"evidencelevel":"A"},{"pmid":23953858,"studydesign":"Randomized control trials","samplesize":"40","controlgroup":"True","evidencelevel":"A"},{"pmid":26339666,"studydesign":"Randomized control trials","samplesize":"64","controlgroup":"True","evidencelevel":"A"},{"pmid":33798055,"studydesign":"Randomized control trials","samplesize":"50","controlgroup":"True","evidencelevel":"A"},{"pmid":32493872,"studydesign":"Randomized control trials","samplesize":"86","controlgroup":"True","evidencelevel":"A"},{"pmid":32393300,"studydesign":"Randomized control trials","samplesize":"99","controlgroup":"True","evidencelevel":"A"},{"pmid":32604430,"studydesign":"Randomized control trials","samplesize":"222","controlgroup":"True","evidencelevel":"A"},{"pmid":18005804,"studydesign":"Randomized control trials","samplesize":"66","controlgroup":"True","evidencelevel":"A"},{"pmid":26835471,"studydesign":"Randomized control trials","samplesize":"60","controlgroup":"True","evidencelevel":"A"},{"pmid":36862883,"studydesign":"Randomized control trials","samplesize":"150","controlgroup":"True","evidencelevel":"A"},{"pmid":28816136,"studydesign":"Randomized control trials","samplesize":"78","controlgroup":"True","evidencelevel":"A"},{"pmid":21275334,"studydesign":"Randomized control trials","samplesize":"11","controlgroup":"True","evidencelevel":"B"},{"pmid":34942921,"studydesign":"Randomized control trials","samplesize":"60","controlgroup":"True","evidencelevel":"A"},{"pmid":21385249,"studydesign":"Randomized control trials","samplesize":"98","controlgroup":"True","evidencelevel":"A"},{"pmid":17037953,"studydesign":"Randomized control trials*","samplesize":"63","controlgroup":"True","evidencelevel":"A"},{"pmid":31320504,"studydesign":"Randomized control trials","samplesize":"157","controlgroup":"True","evidencelevel":"A"},{"pmid":24731896,"studydesign":"Randomized control trials","samplesize":"80","controlgroup":"True","evidencelevel":"A"},{"pmid":25029946,"studydesign":"Randomized control trials","samplesize":"232","controlgroup":"True","evidencelevel":"A"},{"pmid":20510947,"studydesign":"Randomized control trials","samplesize":"100","controlgroup":"True","evidencelevel":"A"},{"pmid":26764267,"studydesign":"Systematic\/Meta-analysis","samplesize":"nan","controlgroup":null,"evidencelevel":"A"},{"pmid":17554644,"studydesign":"Systematic\/Meta-analysis","samplesize":"641","controlgroup":null,"evidencelevel":"A"},{"pmid":36335480,"studydesign":"Randomized control trials","samplesize":"200","controlgroup":"True","evidencelevel":"A"},{"pmid":36581055,"studydesign":"Systematic\/Meta-analysis","samplesize":"662","controlgroup":null,"evidencelevel":"A"},{"pmid":15618849,"studydesign":"Randomized control trials(Clinical Trial)","samplesize":"118","controlgroup":"True","evidencelevel":"A"},{"pmid":29171070,"studydesign":"Systematic\/Meta-analysis","samplesize":"326","controlgroup":null,"evidencelevel":"A"},{"pmid":33918724,"studydesign":"Randomized control trials","samplesize":"43","controlgroup":"True","evidencelevel":"A"},{"pmid":32997813,"studydesign":"Randomized control trials","samplesize":"29","controlgroup":"True","evidencelevel":"B"},{"pmid":33370739,"studydesign":"Randomized control trials","samplesize":"120","controlgroup":"True","evidencelevel":"A"},{"pmid":21185725,"studydesign":"Randomized control trials","samplesize":"23","controlgroup":"True","evidencelevel":"B"},{"pmid":27437724,"studydesign":"Randomized control trials","samplesize":"30","controlgroup":"True","evidencelevel":"A"},{"pmid":35448025,"studydesign":"Others*","samplesize":"7","controlgroup":"False","evidencelevel":"C"},{"pmid":10790249,"studydesign":"Others*","samplesize":"21","controlgroup":"True","evidencelevel":"B"},{"pmid":33125399,"studydesign":"Randomized control trials","samplesize":"43(54)","controlgroup":"True","evidencelevel":"A"},{"pmid":33776864,"studydesign":"Systematic\/Meta-analysis","samplesize":"396","controlgroup":null,"evidencelevel":"A"},{"pmid":35682129,"studydesign":"Others*","samplesize":"83","controlgroup":"False","evidencelevel":"B"},{"pmid":17919155,"studydesign":"Randomized control trials","samplesize":"37","controlgroup":"True","evidencelevel":"A"},{"pmid":27430941,"studydesign":"Randomized control trials","samplesize":"100","controlgroup":"True","evidencelevel":"A"},{"pmid":31184266,"studydesign":"Randomized control trials","samplesize":"36","controlgroup":"True","evidencelevel":"A"},{"pmid":29454656,"studydesign":"Randomized control trials","samplesize":"199","controlgroup":"True","evidencelevel":"A"},{"pmid":34725621,"studydesign":"Systematic\/Meta-analysis","samplesize":"778","controlgroup":null,"evidencelevel":"A"},{"pmid":35207263,"studydesign":"Systematic\/Meta-analysis","samplesize":"5601","controlgroup":null,"evidencelevel":"A"},{"pmid":36868934,"studydesign":"Quasi-experimental","samplesize":"259","controlgroup":"False","evidencelevel":"B"},{"pmid":36862891,"studydesign":"Randomized control trials","samplesize":"82","controlgroup":"True","evidencelevel":"A"},{"pmid":32432550,"studydesign":"Randomized control trials","samplesize":"81","controlgroup":"True","evidencelevel":"A"},{"pmid":23857075,"studydesign":"Randomized control trials","samplesize":"42","controlgroup":"True","evidencelevel":"A"},{"pmid":36350377,"studydesign":"Systematic\/Meta-analysis","samplesize":"401","controlgroup":null,"evidencelevel":"A"},{"pmid":30477868,"studydesign":"Systematic\/Meta-analysis","samplesize":"3690","controlgroup":null,"evidencelevel":"A"},{"pmid":27760797,"studydesign":"Systematic\/Meta-analysis","samplesize":"nan","controlgroup":null,"evidencelevel":"A"},{"pmid":35415565,"studydesign":"Randomized control trials","samplesize":"50","controlgroup":"True","evidencelevel":"A"},{"pmid":36643242,"studydesign":"Randomized control trials","samplesize":"128","controlgroup":"True","evidencelevel":"A"},{"pmid":23705344,"studydesign":"Randomized control trials","samplesize":"36","controlgroup":"True","evidencelevel":"A"},{"pmid":31671873,"studydesign":"Randomized control trials","samplesize":"98","controlgroup":"True","evidencelevel":"A"},{"pmid":17878794,"studydesign":"Randomized control trials","samplesize":"69","controlgroup":"True","evidencelevel":"A"},{"pmid":34546118,"studydesign":"Systematic\/Meta-analysis","samplesize":"793","controlgroup":null,"evidencelevel":"A"},{"pmid":11604980,"studydesign":"Randomized control trials(Clinical Trial)","samplesize":"20","controlgroup":"True","evidencelevel":"B"},{"pmid":34365216,"studydesign":"Systematic\/Meta-analysis","samplesize":"1924","controlgroup":null,"evidencelevel":"A"},{"pmid":35210504,"studydesign":"Randomized control trials","samplesize":"40","controlgroup":"True","evidencelevel":"A"},{"pmid":37007281,"studydesign":"Randomized control trials","samplesize":"240","controlgroup":"True","evidencelevel":"A"},{"pmid":18564958,"studydesign":"Randomized control trials(Controlled Clinical Trial)","samplesize":"26","controlgroup":"True","evidencelevel":"B"},{"pmid":27592520,"studydesign":"Randomized control trials","samplesize":"64","controlgroup":"True","evidencelevel":"A"},{"pmid":25146063,"studydesign":"Randomized control trials","samplesize":"24","controlgroup":"True","evidencelevel":"B"},{"pmid":21474494,"studydesign":"Randomized control trials","samplesize":"79","controlgroup":"True","evidencelevel":"A"},{"pmid":33206656,"studydesign":"Systematic\/Meta-analysis","samplesize":"nan","controlgroup":null,"evidencelevel":"A"},{"pmid":28889050,"studydesign":"Systematic\/Meta-analysis","samplesize":"nan","controlgroup":null,"evidencelevel":"A"},{"pmid":35812990,"studydesign":"Systematic\/Meta-analysis","samplesize":"1144","controlgroup":null,"evidencelevel":"A"},{"pmid":33465384,"studydesign":"Systematic\/Meta-analysis","samplesize":"1454","controlgroup":null,"evidencelevel":"A"},{"pmid":31750726,"studydesign":"Randomized control trials","samplesize":"43","controlgroup":"True","evidencelevel":"A"},{"pmid":26424362,"studydesign":"Randomized control trials","samplesize":"20","controlgroup":"True","evidencelevel":"B"},{"pmid":33251538,"studydesign":"Others(Comparative Study)","samplesize":"48","controlgroup":"False*","evidencelevel":"B"},{"pmid":23375348,"studydesign":"Randomized control trials(Clinical Trial)","samplesize":"30","controlgroup":"False","evidencelevel":"A"},{"pmid":33818166,"studydesign":"Randomized control trials","samplesize":"240","controlgroup":"True","evidencelevel":"A"},{"pmid":33396496,"studydesign":"Randomized control trials","samplesize":"16","controlgroup":"True","evidencelevel":"B"},{"pmid":36247036,"studydesign":"Randomized control trials","samplesize":"70","controlgroup":"True","evidencelevel":"A"},{"pmid":35432107,"studydesign":"Randomized control trials","samplesize":"71","controlgroup":"True","evidencelevel":"A"},{"pmid":30947484,"studydesign":"Systematic\/Meta-analysis","samplesize":"959","controlgroup":null,"evidencelevel":"A"},{"pmid":26183582,"studydesign":"Randomized control trials","samplesize":"27*","controlgroup":"True","evidencelevel":null},{"pmid":27802233,"studydesign":"Randomized control trials","samplesize":"64","controlgroup":"True","evidencelevel":null},{"pmid":23621805,"studydesign":"Randomized control trials","samplesize":"42","controlgroup":"True","evidencelevel":0},{"pmid":23298693,"studydesign":"Randomized control trials","samplesize":"39","controlgroup":"True","evidencelevel":null},{"pmid":18525288,"studydesign":"Randomized control trials","samplesize":"59","controlgroup":"True","evidencelevel":null},{"pmid":17997623,"studydesign":"Randomized control trials","samplesize":"17","controlgroup":"True(\u81ea\u8eab\u5bf9\u7167)","evidencelevel":null},{"pmid":32428636,"studydesign":"Randomized control trials","samplesize":"60","controlgroup":"True","evidencelevel":null},{"pmid":23639952,"studydesign":"Randomized control trials","samplesize":"100","controlgroup":"True","evidencelevel":null},{"pmid":22815078,"studydesign":"Randomized control trials","samplesize":"51","controlgroup":"True","evidencelevel":null},{"pmid":36011119,"studydesign":"Systematic\/Meta-analysis","samplesize":"1024","controlgroup":null,"evidencelevel":"A"},{"pmid":28025173,"studydesign":"Systematic\/Meta-analysis","samplesize":"1757","controlgroup":null,"evidencelevel":"A"},{"pmid":23574287,"studydesign":"Systematic\/Meta-analysis","samplesize":"478","controlgroup":null,"evidencelevel":"A"},{"pmid":10519841,"studydesign":"Systematic\/Meta-analysis","samplesize":"336","controlgroup":null,"evidencelevel":"A"},{"pmid":33967069,"studydesign":"Systematic\/Meta-analysis","samplesize":"455","controlgroup":null,"evidencelevel":"A"},{"pmid":32509790,"studydesign":"Systematic\/Meta-analysis","samplesize":"816","controlgroup":null,"evidencelevel":"A"},{"pmid":26299594,"studydesign":"Systematic\/Meta-analysis","samplesize":"1127","controlgroup":null,"evidencelevel":"A"},{"pmid":35203894,"studydesign":"Randomized control trials","samplesize":"60","controlgroup":"True","evidencelevel":null},{"pmid":20672256,"studydesign":"Randomized control trials","samplesize":"100","controlgroup":"True","evidencelevel":"A"},{"pmid":31056209,"studydesign":"Systematic\/Meta-analysis","samplesize":"nan","controlgroup":null,"evidencelevel":"A"},{"pmid":10990595,"studydesign":"Others","samplesize":"20","controlgroup":"False","evidencelevel":"C"},{"pmid":23511664,"studydesign":"Systematic\/Meta-analysis","samplesize":"651","controlgroup":null,"evidencelevel":"A"},{"pmid":26519453,"studydesign":"Others","samplesize":"132","controlgroup":"False","evidencelevel":"B"},{"pmid":23910097,"studydesign":"Longitudinal cohort","samplesize":"104","controlgroup":"True","evidencelevel":"B\t"},{"pmid":32849143,"studydesign":"Others","samplesize":"14","controlgroup":"False","evidencelevel":"C"},{"pmid":31346625,"studydesign":"Others","samplesize":"18","controlgroup":"False","evidencelevel":"C"}]