[{"pmid":32083083,"disease":"Alzheimer's disease","stage":["NA"],"icdcode":"nan"},{"pmid":26896913,"disease":"Alzheimer's disease","stage":["Mild","Moderate"],"icdcode":"nan"},{"pmid":29991131,"disease":"Alzheimer's disease","stage":["Mild","Moderate","Severe"],"icdcode":"nan"},{"pmid":16618375,"disease":"Alzheimer's disease","stage":["Moderate","Severe"],"icdcode":"nan"},{"pmid":19628939,"disease":"Alzheimer's disease","stage":["Mild","Moderate"],"icdcode":"nan"},{"pmid":32581760,"disease":"Alzheimer's disease","stage":["MCI"],"icdcode":"nan"},{"pmid":31142196,"disease":"Alzheimer's disease","stage":["Mild","Moderate"],"icdcode":"nan"},{"pmid":17997624,"disease":"Alzheimer's disease","stage":["Moderate*"],"icdcode":"nan"},{"pmid":28714736,"disease":"Alzheimer's disease","stage":["mild"],"icdcode":"nan"},{"pmid":26483829,"disease":"Alzheimer's disease","stage":["Mild","Moderate"],"icdcode":"nan"},{"pmid":30072173,"disease":"acute ischemic\/hemorrhagic stroke","stage":["NA"],"icdcode":"nan"},{"pmid":28619985,"disease":"ischemic or hemorrhagic stroke","stage":["NA"],"icdcode":"nan"},{"pmid":28138867,"disease":"ischemic and hemorrhagic stroke","stage":["NA"],"icdcode":"nan"},{"pmid":25916420,"disease":"Stroke","stage":["NA"],"icdcode":"nan"},{"pmid":30271375,"disease":"Stroke","stage":["NA"],"icdcode":"nan"},{"pmid":27532880,"disease":"Stroke","stage":["NA"],"icdcode":"nan"},{"pmid":24020037,"disease":"ischemic\/hemorrhagic stroke","stage":["NA"],"icdcode":"nan"},{"pmid":26000622,"disease":"Stroke","stage":["NA"],"icdcode":"nan"},{"pmid":36466174,"disease":"Stroke","stage":["NA"],"icdcode":"nan"},{"pmid":27084833,"disease":"Stroke","stage":["NA"],"icdcode":"nan"},{"pmid":31298550,"disease":"Poststroke Aphasia","stage":["NA"],"icdcode":"nan"},{"pmid":34816318,"disease":"Poststroke Aphasia","stage":["NA"],"icdcode":"nan"},{"pmid":36399968,"disease":"Poststroke Depression","stage":["NA"],"icdcode":"nan"},{"pmid":24966827,"disease":"ischemic stroke","stage":["NA"],"icdcode":"nan"},{"pmid":29560318,"disease":"Poststroke Hemiplegia","stage":["NA"],"icdcode":"nan"},{"pmid":27445970,"disease":"Poststroke impairment of motor function of the upper extremity","stage":["moderate"],"icdcode":"nan"},{"pmid":24904358,"disease":"Poststroke motor impairment in the upper extremity","stage":["light","moderate"],"icdcode":"nan"},{"pmid":33341022,"disease":"ischemic stroke","stage":["NA"],"icdcode":"nan"},{"pmid":33946687,"disease":"Parkinson\u2019s disease","stage":["NA"],"icdcode":"nan"},{"pmid":30086617,"disease":"Parkinson\u2019s disease","stage":["NA"],"icdcode":"nan"},{"pmid":10845352,"disease":"Parkinson\u2019s disease","stage":["NA"],"icdcode":"nan"},{"pmid":31081485,"disease":"Parkinson\u2019s disease","stage":["NA"],"icdcode":"nan"},{"pmid":36673802,"disease":"NA","stage":["NA"],"icdcode":"nan"},{"pmid":26858628,"disease":"Parkinson\u2019s disease","stage":["Hoehn and Yahr stages 2 or 3"],"icdcode":"nan"},{"pmid":11796078,"disease":"Parkinson's disease","stage":["NA"],"icdcode":"nan"},{"pmid":26987751,"disease":"idiopathic PD","stage":["NA"],"icdcode":"nan"},{"pmid":34960415,"disease":"Parkinson\u2019s disease","stage":["NA"],"icdcode":"nan"},{"pmid":26380242,"disease":"Autism spectrum disorder (ASD)","stage":["Mild","Moderate"],"icdcode":"nan"},{"pmid":36276324,"disease":"Autism spectrum disorder (ASD)","stage":["NA"],"icdcode":"nan"},{"pmid":34567544,"disease":"Autism spectrum disorder (ASD)","stage":["Mild","Moderate"],"icdcode":"nan"},{"pmid":18592368,"disease":"Autism spectrum disorder (ASD)","stage":["NA"],"icdcode":"nan"},{"pmid":32950853,"disease":"Autism spectrum disorder (ASD)","stage":["Level 3"],"icdcode":"nan"},{"pmid":30211331,"disease":"Autism spectrum disorder (ASD)","stage":["NA"],"icdcode":"nan"},{"pmid":35310290,"disease":"Autism spectrum disorder (ASD)","stage":["NA"],"icdcode":"nan"},{"pmid":25099983,"disease":"Cancer","stage":["NA"],"icdcode":"nan"},{"pmid":34020291,"disease":"Cancer","stage":["NA"],"icdcode":"nan"},{"pmid":32017183,"disease":"Cancer","stage":["NA"],"icdcode":"nan"},{"pmid":34847285,"disease":"Cancer","stage":["NA"],"icdcode":"nan"},{"pmid":33285746,"disease":"Breast Cancer","stage":["NA"],"icdcode":"nan"},{"pmid":34041615,"disease":"Small Cell Lung Cancer (SCLC)","stage":["NA"],"icdcode":"nan"},{"pmid":34134947,"disease":"Breast Cancer","stage":["NA"],"icdcode":"nan"},{"pmid":21933563,"disease":"Breast Cancer","stage":["NA"],"icdcode":"nan"},{"pmid":36687940,"disease":"Cancer","stage":["NA"],"icdcode":"nan"},{"pmid":37032801,"disease":"Gastrointestinal Cancer","stage":["NA"],"icdcode":"nan"},{"pmid":35689676,"disease":"Hematological Cancer","stage":["NA"],"icdcode":"nan"},{"pmid":20386063,"disease":"Leukemia","stage":["NA"],"icdcode":"nan"},{"pmid":26331434,"disease":"Lung Cancer","stage":["stage I or II cancer","tumor size of 2\u20133 cm"],"icdcode":"nan"},{"pmid":25181938,"disease":"Breast Cancer","stage":["NA"],"icdcode":"nan"},{"pmid":21978087,"disease":"Breast Cancer","stage":["NA"],"icdcode":"nan"},{"pmid":34563626,"disease":"Cancer","stage":["NA"],"icdcode":"nan"},{"pmid":27838685,"disease":"Tinnitus","stage":["Tinnitus Handicap Inventory (THI) score <26"," "],"icdcode":"nan"},{"pmid":27979609,"disease":"Tinnitus","stage":["Tinnitus Handicap Inventory (THI) score > 18"],"icdcode":"nan"},{"pmid":25224125,"disease":"Tinnitus","stage":["NA"],"icdcode":"nan"},{"pmid":28775679,"disease":"Tinnitus","stage":["chronic","recent-onset"],"icdcode":"nan"},{"pmid":32892305,"disease":"Tinnitus","stage":["chronic"],"icdcode":"nan"},{"pmid":35813784,"disease":"Tinnitus","stage":["Tinnitus of intermittent intensity","fluctuating tinnitus","constant tinnitus"],"icdcode":"nan"},{"pmid":25745385,"disease":"acute tinnitus","stage":["Acute"],"icdcode":"nan"},{"pmid":34477246,"disease":"NA","stage":["NA"],"icdcode":"nan"},{"pmid":25721305,"disease":"NA","stage":["NA"],"icdcode":"nan"},{"pmid":15840076,"disease":"NA","stage":["NA"],"icdcode":"nan"},{"pmid":25490233,"disease":"NA","stage":["NA"],"icdcode":"nan"},{"pmid":23689789,"disease":"NA","stage":["NA"],"icdcode":"nan"},{"pmid":21323778,"disease":"NA","stage":["NA"],"icdcode":"nan"},{"pmid":12590891,"disease":"NA","stage":["NA"],"icdcode":"nan"},{"pmid":30897585,"disease":"NA","stage":["NA"],"icdcode":"nan"},{"pmid":17077429,"disease":"Schizophrenia;Schizophrenia-like psychoses;","stage":["NA"],"icdcode":"nan"},{"pmid":33002835,"disease":"Schizophrenia","stage":["NA"],"icdcode":"nan"},{"pmid":27654229,"disease":"Schizophrenia","stage":["NA"],"icdcode":"nan"},{"pmid":24280478,"disease":"Schizophrenia","stage":["NA"],"icdcode":"nan"},{"pmid":28553702,"disease":"Schizophrenia;Schizophrenia-like disorders;","stage":["NA"],"icdcode":"nan"},{"pmid":26812906,"disease":"Schizophrenia","stage":["NA"],"icdcode":"nan"},{"pmid":34658524,"disease":"COPD","stage":["NA"],"icdcode":"nan"},{"pmid":33144384,"disease":"COPD","stage":["NA"],"icdcode":"nan"},{"pmid":32313456,"disease":"COPD","stage":["NA"],"icdcode":"nan"},{"pmid":26522499,"disease":"COPD;other lung diseases;","stage":["NA"],"icdcode":"nan"},{"pmid":31642408,"disease":"Traumatic brain injury (TBI)","stage":["Moderate","Severe"],"icdcode":"nan"},{"pmid":32891292,"disease":"traumatic brain injury","stage":["CGS of 6~12"],"icdcode":"nan"},{"pmid":33657970,"disease":null,"stage":["Moderate","Severe"],"icdcode":"nan"},{"pmid":36979332,"disease":"traumatic brain injury (TBI);spinal cord injury (SCI);","stage":["NA"],"icdcode":"nan"},{"pmid":36009107,"disease":"disorders of consciousness (DoC)","stage":["chronic"],"icdcode":"nan"},{"pmid":19027186,"disease":"traumatic brain injury","stage":["NA"],"icdcode":"nan"},{"pmid":31427898,"disease":"hypertension","stage":["NA"],"icdcode":"nan"},{"pmid":37024863,"disease":"Hypertension","stage":["NA"],"icdcode":"nan"},{"pmid":30012391,"disease":"Hypertension","stage":["stage-2"],"icdcode":"nan"},{"pmid":27096963,"disease":"Hypertension","stage":["NA"],"icdcode":"nan"},{"pmid":30249121,"disease":"end-stage kidney disease","stage":["end-stage "],"icdcode":"nan"},{"pmid":28260913,"disease":"End stage renal disease(ESRD)","stage":["End stage"],"icdcode":"nan"},{"pmid":30222176,"disease":"Chronic kidney disease (CKD)","stage":["terminal CKD"],"icdcode":"nan"},{"pmid":34828484,"disease":"NA","stage":["NA"],"icdcode":"nan"},{"pmid":33466179,"disease":"NA","stage":["NA"],"icdcode":"nan"},{"pmid":27146798,"disease":"autologous stem cell transplantation (ASCT)","stage":["NA"],"icdcode":"nan"},{"pmid":31598509,"disease":"stomach cancer \/ esophagus cancer","stage":["NA"],"icdcode":"nan"},{"pmid":25901379,"disease":"Breast Cancer","stage":["stages I-III"],"icdcode":"nan"},{"pmid":33152443,"disease":"ung Cancer\/Breast Cancer\/Gastrointestinal Cancer ","stage":["NA"],"icdcode":"nan"},{"pmid":23134272,"disease":"NA","stage":["NA"],"icdcode":"nan"},{"pmid":32328772,"disease":"NA","stage":["NA"],"icdcode":"nan"},{"pmid":23108015,"disease":"Fibromyalgia (FM)","stage":["NA"],"icdcode":"nan"},{"pmid":32505520,"disease":"Fibromyalgia (FM)","stage":["NA"],"icdcode":"nan"},{"pmid":26283951,"disease":"Fibromyalgia (FM)","stage":["NA"],"icdcode":"nan"},{"pmid":27670863,"disease":"Fibromyalgia (FM)","stage":["NA"],"icdcode":"nan"},{"pmid":26245724,"disease":"Fibromyalgia (FM)","stage":["NA"],"icdcode":"nan"},{"pmid":36334181,"disease":"Fibromyalgia (FM)","stage":["NA"],"icdcode":"nan"},{"pmid":32056820,"disease":"NA","stage":["NA"],"icdcode":"nan"},{"pmid":12173164,"disease":"Colorectal cancer, colon polyps, long-standing ulcerative colitis, or significant family histories","stage":["NA"],"icdcode":"nan"},{"pmid":30260780,"disease":"NA","stage":["NA"],"icdcode":"nan"},{"pmid":22397390,"disease":"Asthma","stage":["NA"],"icdcode":"nan"},{"pmid":14622675,"disease":"NA","stage":["NA"],"icdcode":"nan"},{"pmid":11866419,"disease":"NA","stage":["NA"],"icdcode":"nan"},{"pmid":22781506,"disease":"NA","stage":["NA"],"icdcode":"nan"},{"pmid":16897144,"disease":"NA","stage":["NA"],"icdcode":"nan"},{"pmid":33280783,"disease":"NA","stage":["NA"],"icdcode":"nan"},{"pmid":30072130,"disease":"NA","stage":["NA"],"icdcode":"nan"},{"pmid":17645384,"disease":"NA*","stage":["NA"],"icdcode":"nan"},{"pmid":35285439,"disease":"NA","stage":["NA"],"icdcode":"nan"},{"pmid":36650441,"disease":"NA","stage":["NA"],"icdcode":"nan"},{"pmid":31799291,"disease":"NA","stage":["NA"],"icdcode":"nan"},{"pmid":20498613,"disease":"Burn","stage":["NA"],"icdcode":"nan"},{"pmid":28302117,"disease":"burn injuries","stage":["NA"],"icdcode":"nan"},{"pmid":34906387,"disease":"Burn","stage":["NA"],"icdcode":"nan"},{"pmid":33288333,"disease":"limb burn","stage":["2nd degree burn"],"icdcode":"nan"},{"pmid":35347418,"disease":"hematological malignancy","stage":["NA"],"icdcode":"nan"},{"pmid":33224077,"disease":"Neuroblastoma;Relapsed ALL;Sickle cell disease;","stage":["NA"],"icdcode":"nan"},{"pmid":27942868,"disease":"NA","stage":["NA"],"icdcode":"nan"},{"pmid":24469862,"disease":"NA","stage":["NA"],"icdcode":"nan"},{"pmid":25045035,"disease":"Multiple sclerosis (MS)","stage":["primary or secondary"],"icdcode":"nan"},{"pmid":15327343,"disease":"Multiple sclerosis (MS)","stage":["NA"],"icdcode":"nan"},{"pmid":33387863,"disease":"Multiple sclerosis (MS)","stage":["NA"],"icdcode":"nan"},{"pmid":31977888,"disease":"Multiple sclerosis (MS)","stage":["NA"],"icdcode":"nan"},{"pmid":31879625,"disease":"NA","stage":["NA"],"icdcode":"nan"},{"pmid":33388728,"disease":"Intellectual and Developmental Disabilities (IDD)","stage":["NA"],"icdcode":"nan"},{"pmid":26573456,"disease":"NA","stage":["NA"],"icdcode":"nan"},{"pmid":36837411,"disease":"Dental Anxiety Disorders","stage":["NA"],"icdcode":"nan"},{"pmid":29484877,"disease":"severe bilateral cerebral palsy","stage":["severe"],"icdcode":"nan"},{"pmid":36176557,"disease":"Cerebral palsy (CP)","stage":["NA"],"icdcode":"nan"},{"pmid":33590470,"disease":"Cerebral palsy (CP)","stage":["NA"],"icdcode":"nan"},{"pmid":20112480,"disease":"Cerebral palsy (CP)","stage":["NA"],"icdcode":"nan"},{"pmid":35356462,"disease":"Cerebral palsy (CP)","stage":["NA"],"icdcode":"nan"},{"pmid":28937272,"disease":"mild cognitive impairment (MCI)","stage":["NA"],"icdcode":"nan"},{"pmid":12597728,"disease":"probable Alzheimer's disease;dementia;complications from strokes;depression;","stage":["NA"],"icdcode":"nan"},{"pmid":32106559,"disease":"Mild cognitive impairment (MCI)","stage":["NA"],"icdcode":"nan"},{"pmid":32404771,"disease":"disorders of consciousness (DOCs)","stage":["NA"],"icdcode":"nan"},{"pmid":36148124,"disease":"disorders of consciousness (DOC)","stage":["NA"],"icdcode":"nan"},{"pmid":32337122,"disease":"NA","stage":["NA"],"icdcode":"nan"},{"pmid":30770536,"disease":"NA","stage":["NA"],"icdcode":"nan"},{"pmid":22207250,"disease":"NA","stage":["NA"],"icdcode":"nan"},{"pmid":16835556,"disease":"NA","stage":["NA"],"icdcode":"nan"},{"pmid":33036637,"disease":"NA","stage":["NA"],"icdcode":"nan"},{"pmid":32181048,"disease":"NA","stage":["NA"],"icdcode":"nan"},{"pmid":36031855,"disease":"NA","stage":["NA"],"icdcode":"nan"},{"pmid":29570546,"disease":"NA","stage":["NA"],"icdcode":"nan"},{"pmid":35645134,"disease":"NA","stage":["NA"],"icdcode":"nan"},{"pmid":21320217,"disease":"NA","stage":["NA"],"icdcode":"nan"},{"pmid":25078946,"disease":"NA","stage":["NA"],"icdcode":"nan"},{"pmid":32296470,"disease":"NA","stage":["NA"],"icdcode":"nan"},{"pmid":23493927,"disease":"NA","stage":["NA"],"icdcode":"nan"},{"pmid":32405474,"disease":"end-stage kidney disease (ESRD)","stage":["NA"],"icdcode":"nan"},{"pmid":34658886,"disease":"Cataract","stage":["NA"],"icdcode":"nan"},{"pmid":29167742,"disease":"NA","stage":["NA"],"icdcode":"nan"},{"pmid":17636513,"disease":"NA","stage":["NA"],"icdcode":"nan"},{"pmid":32888828,"disease":"NA","stage":["NA"],"icdcode":"nan"},{"pmid":31523022,"disease":"NA","stage":["NA"],"icdcode":"nan"},{"pmid":31955895,"disease":"NA","stage":["NA"],"icdcode":"nan"},{"pmid":18298503,"disease":"NA","stage":["NA"],"icdcode":"nan"},{"pmid":29471206,"disease":"NA","stage":["NA"],"icdcode":"nan"},{"pmid":24411681,"disease":"NA","stage":["NA"],"icdcode":"nan"},{"pmid":16287051,"disease":"NA","stage":["NA"],"icdcode":"nan"},{"pmid":35150494,"disease":"NA","stage":["NA"],"icdcode":"nan"},{"pmid":25227477,"disease":"NA","stage":["NA"],"icdcode":"nan"},{"pmid":26573448,"disease":"NA","stage":["NA"],"icdcode":"nan"},{"pmid":35381132,"disease":"NA","stage":["NA"],"icdcode":"nan"},{"pmid":34849370,"disease":"Postpartum anxiety","stage":["NA"],"icdcode":"nan"},{"pmid":36589598,"disease":"Preoperative anxiety","stage":["NA"],"icdcode":"nan"},{"pmid":26093514,"disease":"drug-resistant epilepsy","stage":["NA"],"icdcode":"nan"},{"pmid":26458741,"disease":"NA","stage":["NA"],"icdcode":"nan"},{"pmid":26910438,"disease":"urinary tract calculi*","stage":["NA"],"icdcode":"nan"},{"pmid":33530169,"disease":"urolithiasis","stage":["NA"],"icdcode":"nan"},{"pmid":33880759,"disease":"NA","stage":["NA"],"icdcode":"nan"},{"pmid":35212283,"disease":"NA","stage":["NA"],"icdcode":"nan"},{"pmid":33412993,"disease":"developmental disorder#()","stage":["NA"],"icdcode":"nan"},{"pmid":26056862,"disease":"Idiopathic chronic fatigue (ICF)","stage":["NA"],"icdcode":"nan"},{"pmid":36510393,"disease":"cancer and\/or hematologic condition","stage":["NA"],"icdcode":"nan"},{"pmid":22903909,"disease":"post-traumatic stress disorder (PTSD)","stage":["NA"],"icdcode":"nan"},{"pmid":26066780,"disease":"obsessive-compulsive disorder","stage":["NA"],"icdcode":"nan"},{"pmid":28287863,"disease":"Thought Disorder#","stage":["NA"],"icdcode":"nan"},{"pmid":35954803,"disease":"NA","stage":["NA"],"icdcode":"nan"},{"pmid":32859801,"disease":"spinal cord injury(SCI)","stage":["NA"],"icdcode":"nan"},{"pmid":34558534,"disease":"Spinal cord injury (SCI)","stage":["ASIA grade A or B"],"icdcode":"nan"},{"pmid":31038430,"disease":"oncology#","stage":["NA"],"icdcode":"nan"},{"pmid":14669295,"disease":"hematologic malignancy","stage":["NA"],"icdcode":"nan"},{"pmid":27863609,"disease":"NA","stage":["NA"],"icdcode":"nan"},{"pmid":26543350,"disease":"primary open-angle glaucoma (POAG)","stage":["NA"],"icdcode":"nan"},{"pmid":30670340,"disease":"Rett syndrome (RTT)","stage":["NA"],"icdcode":"nan"},{"pmid":25462517,"disease":"Williams syndrome (WS)","stage":["NA"],"icdcode":"nan"},{"pmid":35162514,"disease":"neurological disease#","stage":["NA\t"],"icdcode":"nan"},{"pmid":36879223,"disease":"attention-deficit hyperactivity disorder (ADHD)","stage":["NA"],"icdcode":"nan"},{"pmid":24256453,"disease":"severe mental illness (SMI)#","stage":["NA"],"icdcode":"nan"},{"pmid":29222834,"disease":"schizophrenia;affective disorder;","stage":["NA"],"icdcode":"nan"},{"pmid":20663139,"disease":"speech development disorder","stage":["NA"],"icdcode":"nan"},{"pmid":26719801,"disease":"NA","stage":["NA"],"icdcode":"nan"},{"pmid":35741686,"disease":"Acute Anorexia Nervosa (AN)","stage":["NA"],"icdcode":"nan"},{"pmid":24980265,"disease":"NA","stage":["NA"],"icdcode":"nan"},{"pmid":31744526,"disease":"NA","stage":["NA"],"icdcode":"nan"},{"pmid":33371722,"disease":"NA","stage":["NA"],"icdcode":"nan"},{"pmid":35435875,"disease":"NA","stage":["NA"],"icdcode":"nan"},{"pmid":23218591,"disease":"NA","stage":["NA"],"icdcode":"nan"},{"pmid":31116262,"disease":"osteosarcoma","stage":["NA"],"icdcode":"nan"},{"pmid":30448441,"disease":"cirrhotic end-stage liver disease (ESLD)","stage":["NA"],"icdcode":"nan"},{"pmid":33964406,"disease":"pediatric oncology#","stage":["NA"],"icdcode":"nan"},{"pmid":33664158,"disease":"acquired brain injury (ABI) ","stage":["moderate","severe","(Glasgow Coma Scale, NIH scale, or physician\u2019s report) "],"icdcode":"nan"},{"pmid":29253180,"disease":"NA","stage":["NA"],"icdcode":"nan"},{"pmid":24668261,"disease":"subfertile*","stage":["NA"],"icdcode":"nan"},{"pmid":33549732,"disease":"NA","stage":["NA"],"icdcode":"nan"},{"pmid":29345398,"disease":"NA","stage":["NA"],"icdcode":"nan"},{"pmid":12886915,"disease":"NA","stage":["NA"],"icdcode":"nan"},{"pmid":12920428,"disease":"NA","stage":["NA"],"icdcode":"nan"},{"pmid":35369398,"disease":"NA","stage":["NA"],"icdcode":"nan"},{"pmid":24280479,"disease":"oncology#","stage":["NA"],"icdcode":"nan"},{"pmid":15816586,"disease":"NA","stage":["NA"],"icdcode":"nan"},{"pmid":31785131,"disease":"NA","stage":["NA"],"icdcode":"nan"},{"pmid":23953858,"disease":"essential varicose vein","stage":["NA"],"icdcode":"nan"},{"pmid":26339666,"disease":"NA","stage":["NA"],"icdcode":"nan"},{"pmid":33798055,"disease":"single Ventricular septal defect (VSD)","stage":["NA"],"icdcode":"nan"},{"pmid":32493872,"disease":"NA","stage":["NA"],"icdcode":"nan"},{"pmid":32393300,"disease":"NA","stage":["NA"],"icdcode":"nan"},{"pmid":32604430,"disease":"NA","stage":["NA"],"icdcode":"nan"},{"pmid":18005804,"disease":"myocardial infraction, acute coronary syndrome, and\/or coronary artery disease in potential subjects","stage":["NA"],"icdcode":"nan"},{"pmid":26835471,"disease":"NA","stage":["NA"],"icdcode":"nan"},{"pmid":36862883,"disease":"acute myocardial infarction (AMI)","stage":["NA"],"icdcode":"nan"},{"pmid":28816136,"disease":"breast or head and neck cancer#","stage":["NA"],"icdcode":"nan"},{"pmid":21275334,"disease":"pediatric oncology#","stage":["NA"],"icdcode":"nan"},{"pmid":34942921,"disease":"breast cancer","stage":["NA"],"icdcode":"nan"},{"pmid":21385249,"disease":"NA","stage":["NA"],"icdcode":"nan"},{"pmid":17037953,"disease":"NA","stage":["NA"],"icdcode":"nan"},{"pmid":31320504,"disease":"NA","stage":["NA"],"icdcode":"nan"},{"pmid":24731896,"disease":"NA","stage":["NA"],"icdcode":"nan"},{"pmid":25029946,"disease":"NA","stage":["NA"],"icdcode":"nan"},{"pmid":20510947,"disease":"NA","stage":["NA"],"icdcode":"nan"},{"pmid":26764267,"disease":"NA","stage":["NA"],"icdcode":"nan"},{"pmid":17554644,"disease":"NA","stage":["NA"],"icdcode":"nan"},{"pmid":36335480,"disease":"NA","stage":["NA"],"icdcode":"nan"},{"pmid":36581055,"disease":"NA","stage":["NA"],"icdcode":"nan"},{"pmid":15618849,"disease":"NA","stage":["NA"],"icdcode":"nan"},{"pmid":29171070,"disease":"NA","stage":["NA"],"icdcode":"nan"},{"pmid":33918724,"disease":"Inflammatory bowel disease (IBD)#","stage":["NA"],"icdcode":"nan"},{"pmid":32997813,"disease":"chronic painful muscular temporomandibular disorders (TMD myalgia, mTMD)","stage":["NA"],"icdcode":"nan"},{"pmid":33370739,"disease":"ankylosing spondylitis (AS)","stage":["NA"],"icdcode":"nan"},{"pmid":21185725,"disease":"spastic diplegia (SD)","stage":["NA"],"icdcode":"nan"},{"pmid":27437724,"disease":"Amyotrophic lateral sclerosis (ALS)","stage":["NA"],"icdcode":"nan"},{"pmid":35448025,"disease":"Amyotrophic lateral sclerosis (ALS)","stage":["NA"],"icdcode":"nan"},{"pmid":10790249,"disease":"cystic fibrosis (CF)","stage":["NA"],"icdcode":"nan"},{"pmid":33125399,"disease":"cystic fibrosis (CF)","stage":["NA"],"icdcode":"nan"},{"pmid":33776864,"disease":"NA","stage":["NA"],"icdcode":"nan"},{"pmid":35682129,"disease":"chronic gastroenterological and nephrological diseases#","stage":["NA"],"icdcode":"nan"},{"pmid":17919155,"disease":"Schizophrenia","stage":["NA"],"icdcode":"nan"},{"pmid":27430941,"disease":"dental anxiety","stage":["NA"],"icdcode":"nan"},{"pmid":31184266,"disease":"displaced nasal bone fracture","stage":["NA"],"icdcode":"nan"},{"pmid":29454656,"disease":"NA","stage":["NA"],"icdcode":"nan"},{"pmid":34725621,"disease":"NA","stage":["NA"],"icdcode":"nan"},{"pmid":35207263,"disease":"NA","stage":["NA"],"icdcode":"nan"},{"pmid":36868934,"disease":"respiratory illness(50.2%);chronic illness(37.1%);","stage":["NA"],"icdcode":"nan"},{"pmid":36862891,"disease":"NA","stage":["NA"],"icdcode":"nan"},{"pmid":32432550,"disease":"NA","stage":["NA"],"icdcode":"nan"},{"pmid":23857075,"disease":"NA","stage":["NA"],"icdcode":"nan"},{"pmid":36350377,"disease":"NA","stage":["NA"],"icdcode":"nan"},{"pmid":30477868,"disease":"Pain","stage":["NA"],"icdcode":"nan"},{"pmid":27760797,"disease":"NA","stage":["Pain"],"icdcode":"nan"},{"pmid":35415565,"disease":"NA","stage":["NA"],"icdcode":"nan"},{"pmid":36643242,"disease":"NA","stage":["NA"],"icdcode":"nan"},{"pmid":23705344,"disease":"separation anxiety disorder (DSM IV 309.21), generalized anxiety disorder (300.02), social phobia (300.23), or specific phobia (300.29)","stage":["NA"],"icdcode":"nan"},{"pmid":31671873,"disease":"NA","stage":["NA"],"icdcode":"nan"},{"pmid":17878794,"disease":"NA","stage":["NA"],"icdcode":"nan"},{"pmid":34546118,"disease":"NA","stage":["NA"],"icdcode":"nan"},{"pmid":11604980,"disease":"NA","stage":["NA"],"icdcode":"nan"},{"pmid":34365216,"disease":"Anxiety","stage":["NA"],"icdcode":"nan"},{"pmid":35210504,"disease":"COVID-19","stage":["NA"],"icdcode":"nan"},{"pmid":37007281,"disease":"excessive anxiety","stage":["NA"],"icdcode":"nan"},{"pmid":18564958,"disease":"schizophrenia,psychotic disorder,bipolar disorder ,conduct disorder,psychotic disorder, anxiety disorder,mental retardation","stage":["NA"],"icdcode":"nan"},{"pmid":27592520,"disease":"NA","stage":["NA"],"icdcode":"nan"},{"pmid":25146063,"disease":"Depression","stage":["mild","moderate"],"icdcode":"nan"},{"pmid":21474494,"disease":"Depression","stage":["NA"],"icdcode":"nan"},{"pmid":33206656,"disease":"Depression","stage":["NA\t"],"icdcode":"nan"},{"pmid":28889050,"disease":"NA","stage":["NA"],"icdcode":"nan"},{"pmid":35812990,"disease":"Depression","stage":["NA"],"icdcode":"nan"},{"pmid":33465384,"disease":"NA","stage":["NA"],"icdcode":"nan"},{"pmid":31750726,"disease":"Chronic pain","stage":["NA"],"icdcode":"nan"},{"pmid":26424362,"disease":"depression and\/or anxiety (non-clinical), hypertension, burnout, and milder heart problems","stage":["NA\t"],"icdcode":"nan"},{"pmid":33251538,"disease":"Amplified pain syndrome (APS)","stage":["NA"],"icdcode":"nan"},{"pmid":23375348,"disease":"neuropathic pain","stage":["NA"],"icdcode":"nan"},{"pmid":33818166,"disease":"NA","stage":["NA"],"icdcode":"nan"},{"pmid":33396496,"disease":"Premature birth","stage":["NA"],"icdcode":"nan"},{"pmid":36247036,"disease":"NA","stage":["NA"],"icdcode":"nan"},{"pmid":35432107,"disease":"NA","stage":["NA"],"icdcode":"nan"},{"pmid":30947484,"disease":"NA","stage":["critically ill patient"],"icdcode":"nan"},{"pmid":26183582,"disease":"Dementia","stage":["NA\t"],"icdcode":"nan"},{"pmid":27802233,"disease":"mild cognitive impairment (MCI) or mild dementia","stage":["Clinical Dementia Rating was 0.5 or 1","mild"],"icdcode":"nan"},{"pmid":23621805,"disease":"Dementia","stage":["moderate","severe"],"icdcode":"nan"},{"pmid":23298693,"disease":"Alzheimer's-type dementia","stage":["leve 3"],"icdcode":"nan"},{"pmid":18525288,"disease":"Alzheimer's-type dementia;Vascular dementia;","stage":["NA"],"icdcode":"nan"},{"pmid":17997623,"disease":"cognitive impairment;Dementia;","stage":["NA"],"icdcode":"nan"},{"pmid":32428636,"disease":"Dementia","stage":["MCI","mild","moderate","serve"],"icdcode":"nan"},{"pmid":23639952,"disease":"Dementia","stage":["NA"],"icdcode":"nan"},{"pmid":22815078,"disease":"Dementia","stage":["NA"],"icdcode":"nan"},{"pmid":36011119,"disease":"mild cognitive impairment (MCI);dementia;","stage":["NA"],"icdcode":"nan"},{"pmid":28025173,"disease":"dementia","stage":["NA"],"icdcode":"nan"},{"pmid":23574287,"disease":"dementia","stage":["NA"],"icdcode":"nan"},{"pmid":10519841,"disease":"dementia","stage":["NA"],"icdcode":"nan"},{"pmid":33967069,"disease":"dementia","stage":["NA"],"icdcode":"nan"},{"pmid":32509790,"disease":"dementia","stage":["NA"],"icdcode":"nan"},{"pmid":26299594,"disease":"dementia","stage":["NA"],"icdcode":"nan"},{"pmid":35203894,"disease":"dementia","stage":["NA"],"icdcode":"nan"},{"pmid":20672256,"disease":"dementia","stage":["NA"],"icdcode":"nan"},{"pmid":31056209,"disease":"dementia","stage":["NA"],"icdcode":"nan"},{"pmid":10990595,"disease":"dementia","stage":["NA"],"icdcode":"nan"},{"pmid":23511664,"disease":"dementia","stage":["NA"],"icdcode":"nan"},{"pmid":26519453,"disease":"dementia","stage":["NA"],"icdcode":"nan"},{"pmid":23910097,"disease":"dementia","stage":["NA"],"icdcode":"nan"},{"pmid":32849143,"disease":"dementia","stage":["NA"],"icdcode":"nan"},{"pmid":31346625,"disease":"dementia","stage":["NA"],"icdcode":"nan"}]