[{"scid":1,"duration":"60 min","frequency":"2 Weeks","totalinterventiontime":"4 Weeks","timingofintervention":"Not Specified","theme":["ACT"],"providerplatform":"physiotherapist","musicdelivery":"portable speaker;headphone; ","theoreticalsupport":"principles of auditory-motor entrainment","intensity":"High"},{"scid":2,"duration":"45 min","frequency":"2 \/ Week","totalinterventiontime":"6 Weeks","timingofintervention":"Not Specified","theme":["ACT"],"providerplatform":"MT","musicdelivery":"speaker;","theoreticalsupport":"NA","intensity":"Low"},{"scid":3,"duration":"30~40 ","frequency":"14 \/ Week","totalinterventiontime":"3 Months","timingofintervention":"Not Specified","theme":["NA"],"providerplatform":"NA","musicdelivery":"NA","theoreticalsupport":"NA","intensity":"Low"},{"scid":4,"duration":"30 min","frequency":"3 \/ Week","totalinterventiontime":6,"timingofintervention":"Not Specified","theme":["ACT","Recep"],"providerplatform":"MT","musicdelivery":"Live","theoreticalsupport":"MT","intensity":"Low"},{"scid":5,"duration":"20 min","frequency":"1 \/ Week","totalinterventiontime":24,"timingofintervention":"Not Specified","theme":["Recep"],"providerplatform":"NonMT","musicdelivery":"headphone","theoreticalsupport":"MT","intensity":"Low"},{"scid":6,"duration":"20 min","frequency":"2 \/ Week","totalinterventiontime":5,"timingofintervention":"Not Specified","theme":["ACT","Recep"],"providerplatform":"speech and language therapists","musicdelivery":"Live","theoreticalsupport":"song training could improve the memory of the related autobiographical event","intensity":"Low"},{"scid":7,"duration":"17 min","frequency":"2 \/ Week","totalinterventiontime":3,"timingofintervention":"Not Specified","theme":["Recep"],"providerplatform":"MT\t","musicdelivery":"CD player","theoreticalsupport":"MT\t","intensity":"Low"},{"scid":8,"duration":"60 min","frequency":"1 \/ Week","totalinterventiontime":"6 Months","timingofintervention":"Not Specified","theme":["ACT"],"providerplatform":"professional singer and a pianist","musicdelivery":"live;karaoke device;","theoreticalsupport":"the YUBA Method","intensity":"High"},{"scid":9,"duration":"45 min","frequency":"4 \/ Week","totalinterventiontime":"6 Months","timingofintervention":"Not Specified","theme":["Recep"],"providerplatform":"NonMT","musicdelivery":"NA","theoreticalsupport":"MT + Exercise training","intensity":"Low"},{"scid":10,"duration":"NA","frequency":"2 \/ Week","totalinterventiontime":12,"timingofintervention":"Not Specified","theme":["ACT*"],"providerplatform":"MT","musicdelivery":"NA","theoreticalsupport":"MT;horse-riding therapy;","intensity":"Low"},{"scid":11,"duration":"30 min","frequency":"3 \/ Week","totalinterventiontime":7,"timingofintervention":"Not Specified","theme":["ACT"],"providerplatform":"MT","musicdelivery":"live","theoreticalsupport":"relational active music therapy approach (RAMT)","intensity":"Low"},{"scid":12,"duration":"30 min","frequency":"5 \/ Week","totalinterventiontime":4,"timingofintervention":"Not Specified","theme":["ACT"],"providerplatform":"NA","musicdelivery":"playing","theoreticalsupport":"Music-supported therapy (MST)","intensity":"Low"},{"scid":13,"duration":"15 min in week 1; 17 min in week 2; 20 min in weeks 3 and 4.","frequency":"5 \/ Week","totalinterventiontime":4,"timingofintervention":"Not Specified","theme":["ACT"],"providerplatform":"MT","musicdelivery":"ear plugs","theoreticalsupport":"rhythmic auditory stimulation (RAS) and treadmill training (TT)","intensity":"Low"},{"scid":14,"duration":"60 min","frequency":"3 \/ Week","totalinterventiontime":3,"timingofintervention":"Not Specified","theme":["ACT"],"providerplatform":"NA","musicdelivery":"NA","theoreticalsupport":"Intensive movement practice","intensity":"High"},{"scid":15,"duration":"60 min","frequency":"2 \/ Week","totalinterventiontime":"1 Months","timingofintervention":"Not Specified","theme":["ACT"],"providerplatform":"NonMT","musicdelivery":"NA","theoreticalsupport":"neurologic music therapy (NMT) and speech language therapy (SLT)","intensity":"High"},{"scid":16,"duration":"30 min","frequency":"2 \/ Week","totalinterventiontime":15,"timingofintervention":"Not Specified","theme":["ACT"],"providerplatform":"MT","musicdelivery":"NA","theoreticalsupport":"neurologic music therapy (NMT) and speech language therapy (SLT)","intensity":"Low"},{"scid":17,"duration":"30 min","frequency":"NA","totalinterventiontime":"NA","timingofintervention":"Not Specified","theme":["ACT"],"providerplatform":"NonMT","musicdelivery":"smartphone","theoreticalsupport":"NMT","intensity":"Low"},{"scid":18,"duration":"30 min","frequency":"1 \/ Day*","totalinterventiontime":"10 Days","timingofintervention":"Not Specified","theme":["ACT"],"providerplatform":"NonMT","musicdelivery":"loudspeaker","theoreticalsupport":"NMT","intensity":"Low"},{"scid":19,"duration":"30 min","frequency":"NA","totalinterventiontime":"3~4 Weeks","timingofintervention":"Not Specified","theme":["ACT"],"providerplatform":"MT","musicdelivery":"loudspeaker","theoreticalsupport":"Music-supported therapy","intensity":"Low"},{"scid":20,"duration":"60 min","frequency":"3 \/ Day","totalinterventiontime":4,"timingofintervention":"Not Specified","theme":["Recep"],"providerplatform":"MT","musicdelivery":"live","theoreticalsupport":"MT","intensity":"High"},{"scid":21,"duration":"2.5 Hours","frequency":"1 \/ Day","totalinterventiontime":"2 Weeks","timingofintervention":"Not Specified","theme":["ACT"],"providerplatform":"NonMT","musicdelivery":"NA","theoreticalsupport":"MT","intensity":"High"},{"scid":22,"duration":"50 min","frequency":"3 \/ Week","totalinterventiontime":2,"timingofintervention":"Not Specified","theme":["ACT"],"providerplatform":"MT","musicdelivery":"NA","theoreticalsupport":"MT","intensity":"Low"},{"scid":23,"duration":"2 Hours","frequency":"13 \/ Week","totalinterventiontime":"3 Months","timingofintervention":"Not Specified","theme":["ACT"],"providerplatform":"MT","musicdelivery":"NA","theoreticalsupport":"MT","intensity":"High"},{"scid":24,"duration":"120 min","frequency":"1 \/ Week or 1 \/ MONTH","totalinterventiontime":"3 Months","timingofintervention":"Not Specified","theme":["ACT"],"providerplatform":"MT","musicdelivery":"NA","theoreticalsupport":"MT","intensity":"High"},{"scid":25,"duration":"45 min","frequency":"4 \/ Week","totalinterventiontime":"NA","timingofintervention":"Not Specified","theme":["ACT"],"providerplatform":"MT","musicdelivery":"MP3","theoreticalsupport":"NMT","intensity":"Low"},{"scid":26,"duration":"60 min","frequency":"3 \/ Week","totalinterventiontime":"1 Months*","timingofintervention":"Not Specified","theme":["ACT"],"providerplatform":"NA","musicdelivery":"NA","theoreticalsupport":"Music Therapy Voice Protocol (MTVP)","intensity":"High"},{"scid":27,"duration":"60 min","frequency":"1 or 2","totalinterventiontime":8,"timingofintervention":"Not Specified","theme":["ACT"],"providerplatform":"MT","musicdelivery":"NA","theoreticalsupport":"MT","intensity":"High"},{"scid":28,"duration":"NA","frequency":"NA","totalinterventiontime":"NA*","timingofintervention":"Not Specified","theme":["Recep"],"providerplatform":"NonMT","musicdelivery":"NA","theoreticalsupport":"MT","intensity":"Low"},{"scid":29,"duration":"30 min","frequency":"2 \/ Week","totalinterventiontime":"45 Days","timingofintervention":"Not Specified","theme":["ACT"],"providerplatform":"MT","musicdelivery":"NA","theoreticalsupport":"MT","intensity":"Low"},{"scid":30,"duration":"90 min","frequency":"2 \/ Month","totalinterventiontime":"8 Months","timingofintervention":"Not Specified","theme":["ACT"],"providerplatform":"MT","musicdelivery":"NA","theoreticalsupport":"MT","intensity":"High"},{"scid":31,"duration":"30 min","frequency":"12 \/ Week","totalinterventiontime":"7~8 Months","timingofintervention":"Not Specified","theme":["ACT"],"providerplatform":"MT","musicdelivery":"NA","theoreticalsupport":"improvisational music therapy","intensity":"Low"},{"scid":32,"duration":"NA","frequency":"2 \/ Week","totalinterventiontime":"2 Months","timingofintervention":"Not Specified","theme":["ACT"],"providerplatform":"MT","musicdelivery":"NA","theoreticalsupport":"NMT","intensity":"Low"},{"scid":33,"duration":"20 min","frequency":"2 \/ Week","totalinterventiontime":"2 Months","timingofintervention":"Not Specified","theme":["ACT","Recep"],"providerplatform":"NonMT","musicdelivery":"NA","theoreticalsupport":"applied behavior analysis (ABA)","intensity":"Low"},{"scid":34,"duration":"30 min","frequency":"1 \/ Week","totalinterventiontime":"4 Weeks","timingofintervention":"Not Specified","theme":["MM"],"providerplatform":"MT\t","musicdelivery":"live","theoreticalsupport":"MT","intensity":"Low"},{"scid":35,"duration":"30 min","frequency":"3 \/ day","totalinterventiontime":"hospitalization time after conducting the radical mastectomy and 2 periods of chemotherapy","timingofintervention":"Not Specified","theme":["MM"],"providerplatform":"MT\t","musicdelivery":"MP3","theoreticalsupport":"MT","intensity":"Low"},{"scid":36,"duration":"15 min","frequency":"2 \/ Day","totalinterventiontime":"NA","timingofintervention":"Not Specified","theme":["ACT","Recep"],"providerplatform":"MT\t","musicdelivery":"NA","theoreticalsupport":"MT","intensity":"Low"},{"scid":37,"duration":"30 min","frequency":"NA","totalinterventiontime":"NA","timingofintervention":"Not Specified","theme":["MM"],"providerplatform":"MT*","musicdelivery":"MP3","theoreticalsupport":"MT","intensity":"Low"},{"scid":38,"duration":"30 min","frequency":"2 \/ Day","totalinterventiontime":"the hospital stay after radical mastectomy (average (13.6\u00b12.0) days) and the two chemotherapy periods (each average (18.9\u00b17.1) days)","timingofintervention":"6.am-2hour;9.pm-2hour;","theme":["MM"],"providerplatform":"NonMT","musicdelivery":"MP3","theoreticalsupport":"MT","intensity":"Low"},{"scid":39,"duration":"10 min","frequency":"NA","totalinterventiontime":"NA","timingofintervention":"A00-10min;","theme":["MM"],"providerplatform":"NonMT","musicdelivery":"earphone","theoreticalsupport":"MT","intensity":"Low"},{"scid":40,"duration":"15min;60min;","frequency":"NA","totalinterventiontime":"NA","timingofintervention":"Not Specified","theme":["Recep"],"providerplatform":"MT","musicdelivery":"NA","theoreticalsupport":"MT","intensity":"Low"},{"scid":41,"duration":"30 min","frequency":"2 \/ Day","totalinterventiontime":"NA","timingofintervention":"Not Specified","theme":["Recep"],"providerplatform":"MT","musicdelivery":"MP3","theoreticalsupport":"MT","intensity":"Low"},{"scid":42,"duration":"30 min","frequency":"2 \/ Day","totalinterventiontime":"13.6 Days + 18.9 Days;","timingofintervention":"6.am-2hour;9.pm-2hour;","theme":["MM"],"providerplatform":"NonMT","musicdelivery":"MP3","theoreticalsupport":"MT","intensity":"Low"},{"scid":43,"duration":"20~30 min","frequency":"NA","totalinterventiontime":"NA","timingofintervention":"Not Specified","theme":["ACT","Recep"],"providerplatform":"MT","musicdelivery":"NA","theoreticalsupport":"MT","intensity":"Low"},{"scid":44,"duration":"120 min","frequency":"1 \/ Day","totalinterventiontime":"12 Months","timingofintervention":"Not Specified","theme":["MM"],"providerplatform":"NonMT","musicdelivery":"headphone","theoreticalsupport":"MT","intensity":"High"},{"scid":45,"duration":"30~60 min","frequency":"1 \/ Week","totalinterventiontime":"3 Moinths","timingofintervention":"Not Specified","theme":["MM"],"providerplatform":"NonMT","musicdelivery":"smartphone","theoreticalsupport":"MT","intensity":"Low"},{"scid":46,"duration":"50 min","frequency":"2 \/ Day","totalinterventiontime":"5 Days","timingofintervention":"Not Specified","theme":["ACT","Recep"],"providerplatform":"MT","musicdelivery":"NA","theoreticalsupport":"neuro-music therapy according to the Heidelberg Model","intensity":"Low"},{"scid":47,"duration":"50 min","frequency":"2 \/ Day","totalinterventiontime":"5 Days","timingofintervention":"Not Specified","theme":["ACT","Recep"],"providerplatform":"MT","musicdelivery":"NA","theoreticalsupport":"Heidelberg Neuro-Music Therapy (HNMT)","intensity":"Low"},{"scid":48,"duration":"30 min","frequency":"1 \/ Day","totalinterventiontime":"15 Days","timingofintervention":"Not Specified","theme":["MM"],"providerplatform":"NonMT","musicdelivery":"speaker;","theoreticalsupport":"NA","intensity":"Low"},{"scid":49,"duration":"50 min","frequency":"3 \/ Week*","totalinterventiontime":"1 Mointh","timingofintervention":"Not Specified","theme":["MM"],"providerplatform":"NonMT","musicdelivery":"MP3","theoreticalsupport":"NA","intensity":"Low"},{"scid":50,"duration":"50 min","frequency":"2 \/ Day","totalinterventiontime":"5 Days","timingofintervention":"Not Specified","theme":["ACT","Recep"],"providerplatform":"MT","musicdelivery":"NA","theoreticalsupport":"NA","intensity":"Low"},{"scid":51,"duration":"60 min","frequency":"NA","totalinterventiontime":"NA","timingofintervention":"7.am-1hour;11:30.am-30min;9.pm-1hour;","theme":["MM"],"providerplatform":"NonMT","musicdelivery":"MP3","theoreticalsupport":"MT","intensity":"High"},{"scid":52,"duration":"40 min","frequency":"NA","totalinterventiontime":"NA","timingofintervention":"A00;A02;","theme":["NA"],"providerplatform":"NA","musicdelivery":"NA","theoreticalsupport":"NA","intensity":"Low"},{"scid":53,"duration":"30 min","frequency":"NA","totalinterventiontime":"NA","timingofintervention":"Not Specified","theme":["MM"],"providerplatform":"MT","musicdelivery":"CD player","theoreticalsupport":"MT","intensity":"Low"},{"scid":54,"duration":"NA","frequency":"2 \/ Day*","totalinterventiontime":"NA","timingofintervention":"Not Specified","theme":["MM"],"providerplatform":"MT","musicdelivery":"CD player and headphone","theoreticalsupport":"self-initiated patient-directed music (PDM)","intensity":"Low"},{"scid":55,"duration":"30 min","frequency":"NA","totalinterventiontime":"NA","timingofintervention":"Not Specified","theme":["MM"],"providerplatform":"NonMT","musicdelivery":"headphone","theoreticalsupport":"MT","intensity":"Low"},{"scid":56,"duration":"30 min","frequency":"NA","totalinterventiontime":"NA","timingofintervention":"Not Specified","theme":["MM"],"providerplatform":"NonMT","musicdelivery":"headphone","theoreticalsupport":"MT","intensity":"Low"},{"scid":57,"duration":"20 min","frequency":"NA","totalinterventiontime":"NA","timingofintervention":"Not Specified","theme":["MM"],"providerplatform":"MT","musicdelivery":"music pillow","theoreticalsupport":"MT","intensity":"Low"},{"scid":58,"duration":"45 min","frequency":"1 \/ Week","totalinterventiontime":"12 Weeks","timingofintervention":"Not Specified","theme":["ACT"],"providerplatform":"MT","musicdelivery":"NA","theoreticalsupport":"MT","intensity":"Low"},{"scid":59,"duration":"20~50 min","frequency":"5 \/ Week","totalinterventiontime":"4 Weeks","timingofintervention":"Not Specified","theme":["Recep"],"providerplatform":"NonMT","musicdelivery":"CD player","theoreticalsupport":"MT","intensity":"Low"},{"scid":60,"duration":"60 min","frequency":"2 \/ Week*","totalinterventiontime":"5 Weeks","timingofintervention":"Not Specified","theme":["ACT","Recep"],"providerplatform":"MT","musicdelivery":"NA","theoreticalsupport":"group music therapy","intensity":"High"},{"scid":61,"duration":"20 min","frequency":"NA","totalinterventiontime":"8 Weeks","timingofintervention":"Not Specified","theme":["ACT"],"providerplatform":"NonMT","musicdelivery":"NA","theoreticalsupport":"MT","intensity":"Low"},{"scid":62,"duration":"30 min or 60 min","frequency":"1 \/ Day or >1 \/ Day","totalinterventiontime":"NA","timingofintervention":"Not Specified","theme":["ACT"],"providerplatform":"MT","musicdelivery":"big-screen television","theoreticalsupport":"MT","intensity":"Low"},{"scid":63,"duration":"NA","frequency":"1 \/ Week","totalinterventiontime":"6 Weeks","timingofintervention":"Not Specified","theme":["ACT"],"providerplatform":"MT","musicdelivery":"NA","theoreticalsupport":"MT","intensity":"Low"},{"scid":64,"duration":"60 min","frequency":"2 \/ Week","totalinterventiontime":"3 Months","timingofintervention":"Not Specified","theme":["ACT"],"providerplatform":"MT","musicdelivery":"NA","theoreticalsupport":"NMT","intensity":"High"},{"scid":65,"duration":"15 min","frequency":"2 \/ Day","totalinterventiontime":"6 Days","timingofintervention":"Not Specified","theme":["Recep"],"providerplatform":"NonMT","musicdelivery":"headphone","theoreticalsupport":"MT","intensity":"Low"},{"scid":66,"duration":"60 min","frequency":"2 \/ Week","totalinterventiontime":"6 Weeks","timingofintervention":"Not Specified","theme":["ACT"],"providerplatform":"MT","musicdelivery":"NA","theoreticalsupport":"NMT","intensity":"High"},{"scid":67,"duration":"45 min","frequency":"3 \/ Week","totalinterventiontime":"8 Weeks","timingofintervention":"Not Specified","theme":["Recep"],"providerplatform":"NonMT","musicdelivery":"Erigo device","theoreticalsupport":"Robotic Verticalization plus Music Therapy","intensity":"Low"},{"scid":68,"duration":"30 min","frequency":"1 \/ Week","totalinterventiontime":"20 Weeks","timingofintervention":"Not Specified","theme":["ACT","Recep"],"providerplatform":"MT","musicdelivery":"headphone","theoreticalsupport":"MT","intensity":"Low"},{"scid":69,"duration":"15 min","frequency":"3 \/ Day","totalinterventiontime":"6 Days","timingofintervention":"Not Specified","theme":["Recep"],"providerplatform":"NonMT","musicdelivery":"NA","theoreticalsupport":"progressive muscle relaxation and music therapy (RESIK)","intensity":"Low"},{"scid":70,"duration":"32 min","frequency":"1 \/ Day ","totalinterventiontime":"30 Days","timingofintervention":"Not Specified","theme":["MM"],"providerplatform":"NonMT","musicdelivery":"NA","theoreticalsupport":"MT","intensity":"Low"},{"scid":71,"duration":"15 min","frequency":"1 \/ hemodialysis sessions*","totalinterventiontime":"NA","timingofintervention":"A01;*","theme":["Recep"],"providerplatform":"NonMT","musicdelivery":"live","theoreticalsupport":"MT","intensity":"Low"},{"scid":72,"duration":"80 min","frequency":"NA","totalinterventiontime":"NA","timingofintervention":"A01-20min;","theme":["MM"],"providerplatform":"NonMT","musicdelivery":"earphone","theoreticalsupport":"MT","intensity":"High"},{"scid":73,"duration":"75 min","frequency":"2 \/ Week ","totalinterventiontime":"4 Week*","timingofintervention":"Not Specified","theme":["ACT","Recep"],"providerplatform":"MT","musicdelivery":"speaker;MP3;","theoreticalsupport":"MT","intensity":"High"},{"scid":74,"duration":"30 min","frequency":"NA","totalinterventiontime":"NA","timingofintervention":"Not Specified","theme":["MM"],"providerplatform":"NonMT","musicdelivery":"MP3;","theoreticalsupport":"MT","intensity":"Low"},{"scid":75,"duration":"20 min(at least)","frequency":"2 \/ Week","totalinterventiontime":"NA","timingofintervention":"Not Specified","theme":["ACT","Recep"],"providerplatform":"MT","musicdelivery":"NA","theoreticalsupport":"MT","intensity":"Low"},{"scid":76,"duration":"45 min","frequency":"NA","totalinterventiontime":"NA","timingofintervention":"A01;","theme":["Recep"],"providerplatform":"NonMT","musicdelivery":"MP3;earphone;","theoreticalsupport":"MT with Periorbital Massage","intensity":"Low"},{"scid":77,"duration":"20 min","frequency":"NA","totalinterventiontime":"NA","timingofintervention":"Not Specified","theme":["ACT"],"providerplatform":"MT","musicdelivery":"NA","theoreticalsupport":"MT","intensity":"Low"},{"scid":78,"duration":"15 min","frequency":"NA","totalinterventiontime":"NA","timingofintervention":"A01;","theme":["Recep"],"providerplatform":"NonMT","musicdelivery":"CD player","theoreticalsupport":"music therapy and guided visual imagery","intensity":"Low"},{"scid":79,"duration":"60 min","frequency":"1 \/ Day","totalinterventiontime":"4 Weeks","timingofintervention":"Not Specified","theme":["MM"],"providerplatform":"NonMT","musicdelivery":"CD player","theoreticalsupport":"MT","intensity":"High"},{"scid":80,"duration":"NA","frequency":"NA","totalinterventiontime":"NA","timingofintervention":"Not Specified","theme":["MM"],"providerplatform":"NonMT","musicdelivery":"Ipod","theoreticalsupport":"MT","intensity":"Low"},{"scid":81,"duration":"60 min","frequency":"2 Week","totalinterventiontime":"8 Weeks","timingofintervention":"Not Specified","theme":["MM"],"providerplatform":"NonMT","musicdelivery":"NA","theoreticalsupport":"low-impact aerobic exercise combined with music therapy","intensity":"High"},{"scid":82,"duration":"NA","frequency":"NA","totalinterventiontime":"NA","timingofintervention":"Not Specified","theme":["MM"],"providerplatform":"NonMT","musicdelivery":"CD player","theoreticalsupport":"MT","intensity":"Low"},{"scid":83,"duration":"30 min","frequency":"2 \/ Day","totalinterventiontime":"1 Month","timingofintervention":"Not Specified","theme":["MM"],"providerplatform":"NonMT","musicdelivery":"MP3;","theoreticalsupport":"MT","intensity":"Low"},{"scid":84,"duration":"30 min","frequency":"NA","totalinterventiontime":"NA","timingofintervention":"A01;","theme":["MM"],"providerplatform":"NonMT","musicdelivery":"MP3;","theoreticalsupport":"MT","intensity":"Low"},{"scid":85,"duration":"NA","frequency":"NA","totalinterventiontime":"NA","timingofintervention":"A01;","theme":["MM"],"providerplatform":"NonMT","musicdelivery":"headphone","theoreticalsupport":"MT","intensity":"Low"},{"scid":86,"duration":"30 min","frequency":"NA","totalinterventiontime":"NA","timingofintervention":"A01;","theme":["MM"],"providerplatform":"NonMT","musicdelivery":"headphone","theoreticalsupport":"MT","intensity":"Low"},{"scid":87,"duration":"15 min","frequency":"1 \/ Day","totalinterventiontime":"10 Days","timingofintervention":"Not Specified","theme":["Recep"],"providerplatform":"NonMT","musicdelivery":"NA","theoreticalsupport":"MT","intensity":"Low"},{"scid":88,"duration":"15~20 min","frequency":"NA","totalinterventiontime":"NA","timingofintervention":"A00-1hour;","theme":["NA"],"providerplatform":"NA","musicdelivery":"NA","theoreticalsupport":"NA","intensity":"Low"},{"scid":89,"duration":"20 min","frequency":"NA","totalinterventiontime":"NA","timingofintervention":"Not Specified","theme":["MM"],"providerplatform":"NonMT","musicdelivery":"earphone","theoreticalsupport":"MT","intensity":"Low"},{"scid":90,"duration":"120 min","frequency":"NA","totalinterventiontime":"6 Weeks","timingofintervention":"Not Specified","theme":["ACT"],"providerplatform":"MT*","musicdelivery":"NA","theoreticalsupport":"Bonny Method of Guided Imagery and Music (BMGIM)","intensity":"High"},{"scid":91,"duration":"NA","frequency":"NA","totalinterventiontime":"NA","timingofintervention":"A01;","theme":["Recep"],"providerplatform":"MT","musicdelivery":"earphone","theoreticalsupport":"MT","intensity":"Low"},{"scid":92,"duration":"30 min(at least)","frequency":"NA","totalinterventiontime":"NA","timingofintervention":"A00;A01;A02;*","theme":["Recep"],"providerplatform":"MT","musicdelivery":"loudspeaker ","theoreticalsupport":"MT","intensity":"Low"},{"scid":93,"duration":"90 min","frequency":"1 \/ Week(60 min ~ 210 min \/ Week)","totalinterventiontime":"1 Month","timingofintervention":"Not Specified","theme":["ACT","Recep"],"providerplatform":"MT","musicdelivery":"NA","theoreticalsupport":"MT","intensity":"High"},{"scid":94,"duration":"80 min","frequency":"NA","totalinterventiontime":"NA","timingofintervention":"A00-20min;A01-1hour;","theme":["MM"],"providerplatform":"MT","musicdelivery":"MP3 players and headset","theoreticalsupport":"MT","intensity":"High"},{"scid":95,"duration":"15 min","frequency":3,"totalinterventiontime":"NA","timingofintervention":"A02-2hour;A02-2day;A02-1day;","theme":["MM"],"providerplatform":"NonMT","musicdelivery":"earphone","theoreticalsupport":"MT","intensity":"Low"},{"scid":96,"duration":"20 ~ 30 min","frequency":"NA","totalinterventiontime":"NA","timingofintervention":"A00-1hour;A02-1day;A02-2day;","theme":["Recep"],"providerplatform":"MT","musicdelivery":"live","theoreticalsupport":"MT","intensity":"Low"},{"scid":97,"duration":"90 ~ 180 min","frequency":"1 \/ Day*","totalinterventiontime":"2 Days","timingofintervention":"A00;","theme":["ACT","Recep"],"providerplatform":"MT","musicdelivery":"live","theoreticalsupport":"music-based imagery (MBI);music alternate engagement (MAE);","intensity":"High"},{"scid":98,"duration":"15 min","frequency":"3 \/ Week","totalinterventiontime":"12 Weeks","timingofintervention":"Not Specified","theme":["MM"],"providerplatform":"NonMT","musicdelivery":"NA","theoreticalsupport":"MT","intensity":"Low"},{"scid":99,"duration":"30 min","frequency":"4 \/ Week","totalinterventiontime":"> 4 Week*","timingofintervention":"Not Specified","theme":["Recep"],"providerplatform":"MT","musicdelivery":"live","theoreticalsupport":"live music(LM)","intensity":"Low"},{"scid":100,"duration":"45 min","frequency":"2 \/ Week","totalinterventiontime":"4 Weeks","timingofintervention":"Not Specified","theme":["ACT","Recep"],"providerplatform":"MT","musicdelivery":"NA","theoreticalsupport":"The active music engagement (AME)\u00a0","intensity":"Low"},{"scid":101,"duration":"30 min","frequency":"2 \/ Week","totalinterventiontime":"NA","timingofintervention":"Not Specified","theme":["ACT","Recep"],"providerplatform":"MT","musicdelivery":"live","theoreticalsupport":"MT","intensity":"Low"},{"scid":102,"duration":"30 min","frequency":"2 \/ Week","totalinterventiontime":"3 Weeks","timingofintervention":"Not Specified","theme":["ACT","Recep"],"providerplatform":"MT","musicdelivery":"live","theoreticalsupport":"therapeutic music video (TMV) intervention","intensity":"Low"},{"scid":103,"duration":"30 min","frequency":"1 \/ Day","totalinterventiontime":"15 Days","timingofintervention":"Not Specified","theme":["ACT"],"providerplatform":"NonMT","musicdelivery":"NA","theoreticalsupport":"exercise on a musical keyboard","intensity":"Low"},{"scid":104,"duration":"NA","frequency":"NA","totalinterventiontime":"12 Months*","timingofintervention":"Not Specified","theme":["ACT"],"providerplatform":"MT","musicdelivery":"live","theoreticalsupport":"Active music therapy","intensity":"Low"},{"scid":105,"duration":"30 min","frequency":"3 \/ Week","totalinterventiontime":"8 Weeks","timingofintervention":"Not Specified","theme":["Recep"],"providerplatform":"NonMT","musicdelivery":"NA","theoreticalsupport":"rhythmic auditory stimulation (RAS)","intensity":"Low"},{"scid":106,"duration":"60 min","frequency":"3 \/ Week","totalinterventiontime":"8 Weeks","timingofintervention":"Not Specified","theme":["ACT","Recep"],"providerplatform":"MT*","musicdelivery":"NA","theoreticalsupport":"NMT","intensity":"High"},{"scid":107,"duration":"5 min","frequency":"NA","totalinterventiontime":"NA","timingofintervention":"A01;","theme":["MM"],"providerplatform":"NonMT","musicdelivery":"headphone","theoreticalsupport":"MT","intensity":"Low"},{"scid":108,"duration":"10 min","frequency":"NA","totalinterventiontime":"NA","timingofintervention":"A00-10min;","theme":["MM"],"providerplatform":"NonMT","musicdelivery":"stereo-speaker","theoreticalsupport":"MT","intensity":"Low"},{"scid":109,"duration":"20 min","frequency":"NA","totalinterventiontime":"NA","timingofintervention":"Not Specified","theme":["MM"],"providerplatform":"NonMT","musicdelivery":"headphone","theoreticalsupport":"MT","intensity":"Low"},{"scid":110,"duration":"40 min","frequency":"1 \/ Week","totalinterventiontime":"16 Weeks","timingofintervention":"Not Specified","theme":["ACT"],"providerplatform":"MT","musicdelivery":"live","theoreticalsupport":"MT","intensity":"Low"},{"scid":111,"duration":"40 min","frequency":"2 \/ Week","totalinterventiontime":"3 Months","timingofintervention":"Not Specified","theme":["ACT"],"providerplatform":"NonMT","musicdelivery":"live","theoreticalsupport":"NMT-therapeutic instrumental music performance technique (TIMP)","intensity":"Low"},{"scid":112,"duration":"60 min","frequency":"3 \/ Week","totalinterventiontime":"12 Weeks","timingofintervention":"A01;","theme":["MM"],"providerplatform":"NonMT","musicdelivery":"speaker;live;","theoreticalsupport":"MT","intensity":"High"},{"scid":113,"duration":"40 min","frequency":"1 \/ Week","totalinterventiontime":"4 Months","timingofintervention":"Not Specified","theme":["ACT"],"providerplatform":"MT","musicdelivery":"live","theoreticalsupport":"NMT-TIMP","intensity":"Low"},{"scid":114,"duration":"30 min","frequency":"1 \/ Week","totalinterventiontime":"12 Weeks","timingofintervention":"Not Specified","theme":["Recep"],"providerplatform":"NonMT","musicdelivery":"NA","theoreticalsupport":"movement music therapy","intensity":"Low"},{"scid":115,"duration":"NA","frequency":"1 \/ Week","totalinterventiontime":"NA","timingofintervention":"Not Specified","theme":["MM"],"providerplatform":"NonMT","musicdelivery":"headphone","theoreticalsupport":"MT","intensity":"Low"},{"scid":116,"duration":"60 min","frequency":"2 \/ Week","totalinterventiontime":"10 Weeks","timingofintervention":"Not Specified","theme":["ACT"],"providerplatform":"MT","musicdelivery":"NA","theoreticalsupport":"NMT-Song-Based Cognitive Stimulation Therapy (SongCST)","intensity":"High"},{"scid":117,"duration":"30~40 min","frequency":"6 \/ Week","totalinterventiontime":"5 Week","timingofintervention":"Not Specified","theme":["MM"],"providerplatform":"NonMT","musicdelivery":"headphone","theoreticalsupport":"music therapy combined with \u03b1 binaural beat therapy","intensity":"Low"},{"scid":118,"duration":"NA","frequency":"NA","totalinterventiontime":"NA","timingofintervention":"A01;","theme":["MM"],"providerplatform":"NonMT","musicdelivery":"headphone","theoreticalsupport":"MT","intensity":"Low"},{"scid":119,"duration":"2 min","frequency":"NA","totalinterventiontime":"NA","timingofintervention":"Not Specified","theme":["Recep"],"providerplatform":"MT","musicdelivery":"live\t","theoreticalsupport":"Live Music Therapy","intensity":"Low"},{"scid":120,"duration":"NA","frequency":"NA","totalinterventiontime":"NA","timingofintervention":"A00-5~10min;A01-10~20min;*","theme":["MM"],"providerplatform":"NonMT","musicdelivery":"headphone","theoreticalsupport":"MT","intensity":"Low"},{"scid":121,"duration":"45 min","frequency":"6 \/ Week","totalinterventiontime":"2 Weeks","timingofintervention":"Not Specified","theme":["Recep"],"providerplatform":"MT","musicdelivery":"live\t","theoreticalsupport":"MT","intensity":"Low"},{"scid":122,"duration":"NA","frequency":"NA","totalinterventiontime":"NA","timingofintervention":"A01;","theme":["MM"],"providerplatform":"NonMT","musicdelivery":"headphone","theoreticalsupport":"MT","intensity":"Low"},{"scid":123,"duration":"90 min","frequency":"NA","totalinterventiontime":"NA","timingofintervention":"A00-30min;C01-30min;A02-30min;","theme":["MM"],"providerplatform":"NonMT","musicdelivery":"headphone","theoreticalsupport":"MT","intensity":"High"},{"scid":124,"duration":"30 min","frequency":"1 \/ Day","totalinterventiontime":"3 Days*","timingofintervention":"Not Specified","theme":["ACT","Recep"],"providerplatform":"MT","musicdelivery":"NA","theoreticalsupport":"MT","intensity":"Low"},{"scid":125,"duration":"NA","frequency":"NA","totalinterventiontime":"NA","timingofintervention":"A01;","theme":["MM"],"providerplatform":"NonMT","musicdelivery":"noise cancelling headphone","theoreticalsupport":"MT","intensity":"Low"},{"scid":126,"duration":"30 min","frequency":"NA","totalinterventiontime":"NA","timingofintervention":"A00-7.pm;A00-1hour;A02-3.pm;A02-2day-3.pm;","theme":["MM"],"providerplatform":"NonMT","musicdelivery":"ear-canal-type earphones","theoreticalsupport":"MT","intensity":"Low"},{"scid":127,"duration":"20 min","frequency":"NA","totalinterventiontime":"NA","timingofintervention":"A00;","theme":["MM"],"providerplatform":"NonMT","musicdelivery":"headphone","theoreticalsupport":"MT","intensity":"Low"},{"scid":128,"duration":"30 min","frequency":"2 \/ Day","totalinterventiontime":"NA","timingofintervention":"A00-1day;A01-1day;A02-1day;","theme":["MM"],"providerplatform":"NonMT","musicdelivery":"headphone","theoreticalsupport":"MT","intensity":"Low"},{"scid":129,"duration":"30 min","frequency":"NA","totalinterventiontime":"NA","timingofintervention":"A02-1day-3.am;","theme":["MM"],"providerplatform":"NonMT","musicdelivery":"headphone","theoreticalsupport":"MT","intensity":"Low"},{"scid":130,"duration":"NA","frequency":"NA","totalinterventiontime":"NA","timingofintervention":"A01","theme":["MM"],"providerplatform":"NonMT","musicdelivery":"headphone","theoreticalsupport":"MT","intensity":"Low"},{"scid":131,"duration":"20 min","frequency":"NA","totalinterventiontime":"NA","timingofintervention":"A00-20min;","theme":["MM"],"providerplatform":"NonMT","musicdelivery":"headphone","theoreticalsupport":"MT","intensity":"Low"},{"scid":132,"duration":"30 min","frequency":"NA","totalinterventiontime":"NA","timingofintervention":"A00-30min;","theme":["MM"],"providerplatform":"NonMT","musicdelivery":"headphone","theoreticalsupport":"MT","intensity":"Low"},{"scid":133,"duration":"30 min","frequency":"NA","totalinterventiontime":"NA","timingofintervention":"A00;A01;","theme":["MM"],"providerplatform":"NonMT","musicdelivery":"headphone","theoreticalsupport":"MT","intensity":"Low"},{"scid":134,"duration":"30 min","frequency":"NA","totalinterventiontime":"NA","timingofintervention":"A00-1hour;","theme":["MM"],"providerplatform":"NonMT","musicdelivery":"headphone","theoreticalsupport":"MT","intensity":"Low"},{"scid":135,"duration":"NA","frequency":"NA","totalinterventiontime":"NA","timingofintervention":"A01","theme":["MM"],"providerplatform":"NonMT","musicdelivery":"headphone","theoreticalsupport":"MT","intensity":"Low"},{"scid":136,"duration":"45 min","frequency":"NA","totalinterventiontime":"NA","timingofintervention":"B01;","theme":["MM"],"providerplatform":"NonMT","musicdelivery":"headphone","theoreticalsupport":"MT","intensity":"Low"},{"scid":137,"duration":"30 min(at least)","frequency":"1 \/ Day","totalinterventiontime":"2 Weeks","timingofintervention":"Not Specified","theme":["MM"],"providerplatform":"NonMT","musicdelivery":"headphone","theoreticalsupport":"MT","intensity":"Low"},{"scid":138,"duration":"40 min","frequency":"3 \/ Weeks","totalinterventiontime":"5 Weeks*","timingofintervention":"Not Specified","theme":["MM"],"providerplatform":"NonMT","musicdelivery":"headphone","theoreticalsupport":"MT","intensity":"Low"},{"scid":139,"duration":"NA","frequency":"NA","totalinterventiontime":"NA","timingofintervention":"A01;*","theme":["MM"],"providerplatform":"NonMT","musicdelivery":"player","theoreticalsupport":"MT","intensity":"Low"},{"scid":140,"duration":"87.59 min","frequency":"NA","totalinterventiontime":"NA","timingofintervention":"A01","theme":["MM"],"providerplatform":"NonMT","musicdelivery":"headphone","theoreticalsupport":"MT","intensity":"High"},{"scid":141,"duration":"15 min","frequency":"1 \/ Day","totalinterventiontime":"NA","timingofintervention":"D02-15min;","theme":["MM"],"providerplatform":"NonMT","musicdelivery":"headphone","theoreticalsupport":"MT","intensity":"Low"},{"scid":142,"duration":"NA","frequency":"NA","totalinterventiontime":"NA","timingofintervention":"C03;","theme":["MM"],"providerplatform":"NonMT","musicdelivery":"headphone","theoreticalsupport":"MT","intensity":"Low"},{"scid":143,"duration":"30 min","frequency":"NA","totalinterventiontime":"NA","timingofintervention":"C03;","theme":["MM"],"providerplatform":"NonMT","musicdelivery":"headphone","theoreticalsupport":"MT","intensity":"Low"},{"scid":144,"duration":"20 min","frequency":"NA","totalinterventiontime":"NA","timingofintervention":"Not Specified","theme":["Recep"],"providerplatform":"NonMT","musicdelivery":"MP3 player","theoreticalsupport":"Benson relaxation technique (BRT)","intensity":"Low"},{"scid":145,"duration":"2 Hours","frequency":"NA","totalinterventiontime":"15 Days","timingofintervention":"Not Specified","theme":["MM"],"providerplatform":"NonMT","musicdelivery":"headphone","theoreticalsupport":"MT","intensity":"High"},{"scid":146,"duration":"NA","frequency":"2 Intervals","totalinterventiontime":"NA","timingofintervention":"A01;*","theme":["MM"],"providerplatform":"NonMT","musicdelivery":"headphone","theoreticalsupport":"MT","intensity":"Low"},{"scid":147,"duration":"NA","frequency":"NA","totalinterventiontime":"NA","timingofintervention":"A01;*","theme":["MM"],"providerplatform":"NonMT","musicdelivery":"headphone","theoreticalsupport":"MT","intensity":"Low"},{"scid":148,"duration":"NA","frequency":"3 \/ Day","totalinterventiontime":"12 Days","timingofintervention":"Not Specified","theme":["Recep"],"providerplatform":"NonMT","musicdelivery":"NA","theoreticalsupport":"Euterpe method\u2019s music therapy","intensity":"Low"},{"scid":149,"duration":"1 Hour","frequency":"3 \/ Week","totalinterventiontime":"2 Weeks","timingofintervention":"Not Specified","theme":["ACT","Recep"],"providerplatform":"NonMT","musicdelivery":"NA","theoreticalsupport":"Oriental medicine music therapy (OMMT)","intensity":"High"},{"scid":150,"duration":"NA","frequency":"NA","totalinterventiontime":"NA","timingofintervention":"Not Specified","theme":["ACT","Recep"],"providerplatform":"MT","musicdelivery":"NA","theoreticalsupport":"MT","intensity":"Low"},{"scid":151,"duration":"1 Hour","frequency":"1 \/ Week","totalinterventiontime":"10 Weeks","timingofintervention":"Not Specified","theme":["ACT","Recep"],"providerplatform":"MT","musicdelivery":"live","theoreticalsupport":"Group music therapy(GMT)","intensity":"High"},{"scid":152,"duration":"NA","frequency":"3 \/ Week","totalinterventiontime":"> 4 Weeks","timingofintervention":"Not Specified","theme":["Recep"],"providerplatform":"NonMT","musicdelivery":"NA","theoreticalsupport":"MT","intensity":"Low"},{"scid":153,"duration":"NA","frequency":"NA","totalinterventiontime":"NA","timingofintervention":"Not Specified","theme":["ACT","Recep"],"providerplatform":"MT","musicdelivery":"record;live;","theoreticalsupport":"Group music therapy","intensity":"Low"},{"scid":154,"duration":"NA","frequency":"1 \/ Week","totalinterventiontime":"7 Months \/ 25 Sessions","timingofintervention":"Not Specified","theme":["ACT","Recep"],"providerplatform":"MT","musicdelivery":"NA","theoreticalsupport":"the \u201cEnsemble\u201d treatment","intensity":"Low"},{"scid":155,"duration":"30 min","frequency":"5 \/ Week","totalinterventiontime":"12 Weeks","timingofintervention":"Not Specified","theme":["ACT"],"providerplatform":"MT","musicdelivery":"NA","theoreticalsupport":"oral motor respiratory exercise and vocal intonation therapy","intensity":"Low"},{"scid":156,"duration":"30 min","frequency":"5 \/ Week","totalinterventiontime":"12 Weeks","timingofintervention":"Not Specified","theme":["ACT"],"providerplatform":"MT","musicdelivery":"NA","theoreticalsupport":"vocal respiratory training","intensity":"Low"},{"scid":157,"duration":"30 min","frequency":"NA","totalinterventiontime":"NA","timingofintervention":"Not Specified","theme":["Recep"],"providerplatform":"MT","musicdelivery":"live","theoreticalsupport":"MT","intensity":"Low"},{"scid":158,"duration":"20~30 min","frequency":"Case-by-Case Basis","totalinterventiontime":"16 Days","timingofintervention":"A02-1day;A02-2day;A02-3day;","theme":["ACT","Recep"],"providerplatform":"MT","musicdelivery":"live","theoreticalsupport":"MT","intensity":"Low"},{"scid":159,"duration":"20 min","frequency":"NA","totalinterventiontime":"NA","timingofintervention":"A00-30min;","theme":["Recep"],"providerplatform":"NonMT","musicdelivery":"headphone","theoreticalsupport":"MT","intensity":"Low"},{"scid":160,"duration":"30 min","frequency":"1 \/ Day","totalinterventiontime":"10 Days","timingofintervention":"Not Specified","theme":["MM"],"providerplatform":"NonMT","musicdelivery":"headphone","theoreticalsupport":"MT","intensity":"Low"},{"scid":161,"duration":"120 min","frequency":"2 \/ Week","totalinterventiontime":"NA","timingofintervention":"Not Specified","theme":["ACT","Recep"],"providerplatform":"MT","musicdelivery":"live","theoreticalsupport":"NMT","intensity":"High"},{"scid":162,"duration":"NA","frequency":"NA","totalinterventiontime":"NA","timingofintervention":"Not Specified","theme":["ACT*"],"providerplatform":"NonMT","musicdelivery":"NA","theoreticalsupport":"Music lessons","intensity":"Low"},{"scid":163,"duration":"Case-by-Case Basis","frequency":"2 \/ Week","totalinterventiontime":"NA","timingofintervention":"Not Specified","theme":["Recep"],"providerplatform":"MT","musicdelivery":"live","theoreticalsupport":"MT","intensity":"Low"},{"scid":164,"duration":"50 min","frequency":"2 \/ Week","totalinterventiontime":"3 Months","timingofintervention":"2w&5w-2.am-1hour;","theme":["ACT","Recep"],"providerplatform":"MT","musicdelivery":"live","theoreticalsupport":"MT","intensity":"Low"},{"scid":165,"duration":"1 Hour","frequency":"1 \/ Week","totalinterventiontime":"13  Weeks","timingofintervention":"Not Specified","theme":["ACT","Recep"],"providerplatform":"MT","musicdelivery":"live","theoreticalsupport":"Group music therapy(GMT)","intensity":"High"},{"scid":166,"duration":"90 min","frequency":"1 \/ Week","totalinterventiontime":"32 Weeks","timingofintervention":"Not Specified","theme":["ACT"],"providerplatform":"MT*","musicdelivery":"NA","theoreticalsupport":"Group music therapy(GMT)","intensity":"High"},{"scid":167,"duration":"25 min","frequency":"NA","totalinterventiontime":"NA","timingofintervention":"Not Specified","theme":["ACT","Recep"],"providerplatform":"MT","musicdelivery":"NA","theoreticalsupport":"creative music therapy based on the Nordoff-Robbins approach","intensity":"Low"},{"scid":168,"duration":"1 Hour","frequency":"2 \/ Week","totalinterventiontime":"36 Weeks","timingofintervention":"B01-1hour;","theme":["ACT","Recep"],"providerplatform":"MT","musicdelivery":"NA","theoreticalsupport":"MT","intensity":"High"},{"scid":169,"duration":"1 Hour","frequency":"1 \/ Week","totalinterventiontime":"6 Months","timingofintervention":"D01-3w;","theme":["ACT","Recep"],"providerplatform":"MT","musicdelivery":"NA","theoreticalsupport":"MT","intensity":"High"},{"scid":170,"duration":"30 min","frequency":"NA","totalinterventiontime":"NA","timingofintervention":"A01;","theme":["MM"],"providerplatform":"MT","musicdelivery":"live","theoreticalsupport":"MT","intensity":"Low"},{"scid":171,"duration":"NA","frequency":"NA","totalinterventiontime":"NA","timingofintervention":"A00-8min;","theme":["MM"],"providerplatform":"NonMT","musicdelivery":"headphone","theoreticalsupport":"MT","intensity":"Low"},{"scid":172,"duration":"43 min","frequency":"NA","totalinterventiontime":"NA","timingofintervention":"A01;","theme":["MM"],"providerplatform":"NonMT","musicdelivery":"headphone","theoreticalsupport":"MT","intensity":"Low"},{"scid":173,"duration":"45 min","frequency":"2 \/ Week","totalinterventiontime":"8 Weeks","timingofintervention":"Not Specified","theme":["NA"],"providerplatform":"NA","musicdelivery":"NA","theoreticalsupport":"NA","intensity":"Low"},{"scid":174,"duration":"15 min","frequency":"NA","totalinterventiontime":"NA","timingofintervention":"A00-15min;","theme":["MM"],"providerplatform":"NonMT","musicdelivery":"headphone","theoreticalsupport":"MT","intensity":"Low"},{"scid":175,"duration":"60 min","frequency":"1 \/ Day","totalinterventiontime":"8 Weeks","timingofintervention":"Not Specified","theme":["Recep"],"providerplatform":"MT","musicdelivery":"NA","theoreticalsupport":"mindfulness-based stress reduction combined with music therapy","intensity":"High"},{"scid":176,"duration":"30 min","frequency":"NA","totalinterventiontime":"6 Weeks","timingofintervention":"Not Specified","theme":["Recep"],"providerplatform":"NonMT","musicdelivery":"headphone","theoreticalsupport":"MT","intensity":"Low"},{"scid":177,"duration":"45 min","frequency":"1 \/ Week","totalinterventiontime":"3 Weeks","timingofintervention":"Not Specified","theme":["MM*"],"providerplatform":"NonMT","musicdelivery":"NA","theoreticalsupport":"Music Attention Control Training (MACT)","intensity":"Low"},{"scid":178,"duration":"15 min","frequency":"NA","totalinterventiontime":"NA","timingofintervention":"A00;","theme":["ACT","Recep"],"providerplatform":"MT","musicdelivery":"live","theoreticalsupport":"Active and Passive Distraction-Based Music Therapy","intensity":"Low"},{"scid":179,"duration":"20 minutes","frequency":"NA","totalinterventiontime":"NA","timingofintervention":"A00;","theme":["MM"],"providerplatform":"MT","musicdelivery":"live","theoreticalsupport":"harp therapy","intensity":"Low"},{"scid":180,"duration":"2 Hours","frequency":"NA","totalinterventiontime":"NA","timingofintervention":"C01-1hour;A01;A02-1hour;","theme":["ACT","Recep"],"providerplatform":"MT","musicdelivery":"live;headphone;","theoreticalsupport":"MT","intensity":"High"},{"scid":181,"duration":"20 min","frequency":"NA","totalinterventiontime":"NA","timingofintervention":"A00-10min;A01;A02-10min;","theme":["MM"],"providerplatform":"NonMT","musicdelivery":"headphone","theoreticalsupport":"MT","intensity":"Low"},{"scid":182,"duration":"1 Hour","frequency":"NA","totalinterventiontime":"NA","timingofintervention":"A01;B01-1hour;","theme":["MM"],"providerplatform":"NonMT","musicdelivery":"CD player","theoreticalsupport":"MT","intensity":"High"},{"scid":183,"duration":"15 min","frequency":"NA","totalinterventiontime":"NA","timingofintervention":"A00-15min;","theme":["MM"],"providerplatform":"NonMT","musicdelivery":"NA","theoreticalsupport":"MT","intensity":"Low"},{"scid":184,"duration":"30 min","frequency":"NA","totalinterventiontime":"NA","timingofintervention":"A00-1day-30min;","theme":["MM"],"providerplatform":"NonMT","musicdelivery":"NA","theoreticalsupport":"MT","intensity":"Low"},{"scid":185,"duration":"NA","frequency":"NA","totalinterventiontime":"NA","timingofintervention":"A01","theme":["MM"],"providerplatform":"NonMT","musicdelivery":"NA","theoreticalsupport":"MT","intensity":"Low"},{"scid":186,"duration":"1 Hour","frequency":"NA","totalinterventiontime":"4 Months","timingofintervention":"A01;B01-1hour;","theme":["MM"],"providerplatform":"NonMT","musicdelivery":"headphone","theoreticalsupport":"MT","intensity":"High"},{"scid":187,"duration":"NA","frequency":"NA","totalinterventiontime":"NA","timingofintervention":"A01","theme":["MM"],"providerplatform":"NonMT","musicdelivery":"headphone","theoreticalsupport":"MT","intensity":"Low"},{"scid":188,"duration":"20~40 min","frequency":"NA","totalinterventiontime":"NA","timingofintervention":"A02-6min;","theme":["MM"],"providerplatform":"NonMT","musicdelivery":"headphone","theoreticalsupport":"MT","intensity":"Low"},{"scid":189,"duration":"30 min","frequency":"1 \/ Day","totalinterventiontime":"6 Months","timingofintervention":"8.pm-1hour;","theme":["MM"],"providerplatform":"NonMT","musicdelivery":"headphone;speaker;","theoreticalsupport":"MT","intensity":"Low"},{"scid":190,"duration":"30 min","frequency":"1 \/ Day","totalinterventiontime":"6 Months","timingofintervention":"8.pm-1hour;","theme":["MM"],"providerplatform":"NonMT","musicdelivery":"headphone;speaker;","theoreticalsupport":"MT","intensity":"Low"},{"scid":191,"duration":"30 min","frequency":"NA","totalinterventiontime":"NA","timingofintervention":"A02-1day-8.pm;A02-2day-8.pm;","theme":["MM"],"providerplatform":"NonMT","musicdelivery":"headphone","theoreticalsupport":"MT","intensity":"Low"},{"scid":192,"duration":"30 min","frequency":"NA","totalinterventiontime":"NA","timingofintervention":"1.pm-1hour;","theme":["MM"],"providerplatform":"NonMT","musicdelivery":"headphone","theoreticalsupport":"MT","intensity":"Low"},{"scid":193,"duration":"45 min","frequency":"NA","totalinterventiontime":"NA","timingofintervention":"A01","theme":["MM"],"providerplatform":"NonMT","musicdelivery":"headphone","theoreticalsupport":"MT","intensity":"Low"},{"scid":194,"duration":"30 min","frequency":"NA","totalinterventiontime":"NA","timingofintervention":"2:30.pm-30min;","theme":["MM"],"providerplatform":"NonMT","musicdelivery":"headphone","theoreticalsupport":"MT","intensity":"Low"},{"scid":195,"duration":"25~30 min","frequency":"1 \/ Day","totalinterventiontime":"7~10 Days","timingofintervention":"Not Specified","theme":["MM"],"providerplatform":"NonMT","musicdelivery":"earphone","theoreticalsupport":"MT","intensity":"Low"},{"scid":196,"duration":"40 min","frequency":"NA","totalinterventiontime":"NA","timingofintervention":"A01;","theme":["Recep"],"providerplatform":"MT","musicdelivery":"live;record;","theoreticalsupport":"MT","intensity":"Low"},{"scid":197,"duration":"20~90 min","frequency":"NA","totalinterventiontime":"NA","timingofintervention":"A01;","theme":["MM"],"providerplatform":"MT","musicdelivery":"record","theoreticalsupport":"MT","intensity":"High"},{"scid":198,"duration":"15 min","frequency":"1 \/ Session","totalinterventiontime":"first 5 radiotherapy sessions","timingofintervention":"A01;","theme":["MM"],"providerplatform":"MT","musicdelivery":"headphone","theoreticalsupport":"MT","intensity":"Low"},{"scid":199,"duration":"60 min","frequency":"NA","totalinterventiontime":"NA","timingofintervention":"A00;","theme":["MM"],"providerplatform":"NonMT","musicdelivery":"headphone","theoreticalsupport":"guided imagery and music(GIM)","intensity":"High"},{"scid":200,"duration":"90 min","frequency":"5 \/ Week","totalinterventiontime":"NA","timingofintervention":"A01;","theme":["Recep"],"providerplatform":"MT","musicdelivery":"CD","theoreticalsupport":"MT","intensity":"High"},{"scid":201,"duration":"3 min","frequency":"NA","totalinterventiontime":"NA","timingofintervention":"A00;A01;*","theme":["MM"],"providerplatform":"NonMT","musicdelivery":"noise-canceling headphone","theoreticalsupport":"MT","intensity":"Low"},{"scid":202,"duration":"30~40 min","frequency":"NA","totalinterventiontime":"NA","timingofintervention":"A01","theme":["MM"],"providerplatform":"NonMT","musicdelivery":"headphone","theoreticalsupport":"MT","intensity":"Low"},{"scid":203,"duration":"30 min","frequency":"NA","totalinterventiontime":"NA","timingofintervention":"A01;","theme":["MM"],"providerplatform":"NonMT","musicdelivery":"MP3","theoreticalsupport":"MT","intensity":"Low"},{"scid":204,"duration":"10~20 min","frequency":"NA","totalinterventiontime":"NA","timingofintervention":"A01","theme":["MM"],"providerplatform":"NonMT","musicdelivery":"headphone","theoreticalsupport":"MT","intensity":"Low"},{"scid":205,"duration":"20 min","frequency":"NA","totalinterventiontime":"NA","timingofintervention":"A01;","theme":["MM"],"providerplatform":"NonMT","musicdelivery":"speaker","theoreticalsupport":"MT","intensity":"Low"},{"scid":206,"duration":"NA","frequency":"NA","totalinterventiontime":"NA","timingofintervention":"A01;","theme":["MM"],"providerplatform":"NonMT","musicdelivery":"headphone","theoreticalsupport":"MT","intensity":"Low"},{"scid":207,"duration":"2 Hours","frequency":"1 \/ Week","totalinterventiontime":"8 Weeks","timingofintervention":"2w-9.am;","theme":["Recep"],"providerplatform":"MT","musicdelivery":"NA","theoreticalsupport":"the Bonny Method of Guided Imagery and Music (BMGIM) music-assisted therapy","intensity":"High"},{"scid":208,"duration":"60 min","frequency":"NA","totalinterventiontime":"NA","timingofintervention":"Not Specified","theme":["MM"],"providerplatform":"NonMT","musicdelivery":"headphone","theoreticalsupport":"guided music listening (GML)","intensity":"High"},{"scid":209,"duration":"60 min","frequency":"1 \/ Day","totalinterventiontime":"10 Days","timingofintervention":"am-30min;D02-30min;","theme":["MM"],"providerplatform":"NonMT","musicdelivery":"NA","theoreticalsupport":"MT","intensity":"High"},{"scid":210,"duration":"NA","frequency":"1 \/ cycles","totalinterventiontime":"5 LSTS cycles","timingofintervention":"Not Specified","theme":["NA"],"providerplatform":"NA","musicdelivery":"NA","theoreticalsupport":"NA","intensity":"Low"},{"scid":211,"duration":"30 min","frequency":"3 \/ Weeks","totalinterventiontime":"about 1 Month","timingofintervention":"Not Specified","theme":["ACT"],"providerplatform":"MT","musicdelivery":"NA","theoreticalsupport":"active music therapy (AMT)","intensity":"Low"},{"scid":212,"duration":"1 Hour","frequency":"2 \/ Week","totalinterventiontime":"16 Weeks","timingofintervention":"Not Specified","theme":["ACT"],"providerplatform":"MT","musicdelivery":"NA","theoreticalsupport":"Home-Based Music Therapy","intensity":"High"},{"scid":213,"duration":"NA","frequency":"1 \/ Day","totalinterventiontime":"6 Weeks","timingofintervention":"Not Specified","theme":["MM"],"providerplatform":"MT","musicdelivery":"tape","theoreticalsupport":"MT","intensity":"Low"},{"scid":214,"duration":"40 min","frequency":"NA","totalinterventiontime":"3 Months","timingofintervention":"Not Specified","theme":["MM"],"providerplatform":"NonMT","musicdelivery":"CD player","theoreticalsupport":"Airway clearance therapy (ACT);MT;","intensity":"Low"},{"scid":215,"duration":"41 min","frequency":"NA","totalinterventiontime":"NA","timingofintervention":"Not Specified","theme":["ACT","Recep"],"providerplatform":"MT","musicdelivery":"live","theoreticalsupport":"MT","intensity":"Low"},{"scid":216,"duration":"45 min","frequency":"1.6 \/ Week(average)","totalinterventiontime":"8 Months","timingofintervention":"Not Specified","theme":["ACT","Recep"],"providerplatform":"MT","musicdelivery":"NA","theoreticalsupport":"group music therapy","intensity":"Low"},{"scid":217,"duration":"1 Hour","frequency":"NA","totalinterventiontime":"\u6839\u7ba1\u6cbb\u7597\u671f\u95f4;","timingofintervention":"Not Specified","theme":["MM"],"providerplatform":"NonMT","musicdelivery":"NA","theoreticalsupport":"MT","intensity":"High"},{"scid":218,"duration":"NA","frequency":"NA","totalinterventiontime":"NA","timingofintervention":"A00-10min;A01-10min;A02-10min;","theme":["MM"],"providerplatform":"NonMT","musicdelivery":"headphone","theoreticalsupport":"MT","intensity":"Low"},{"scid":219,"duration":"8.19 min","frequency":"NA","totalinterventiontime":"NA","timingofintervention":"A01","theme":["MM"],"providerplatform":"NonMT","musicdelivery":"headphone","theoreticalsupport":"MT","intensity":"Low"},{"scid":220,"duration":"10 min","frequency":"1 \/ Week ","totalinterventiontime":"NA","timingofintervention":"Not Specified","theme":["MM"],"providerplatform":"MT","musicdelivery":"live","theoreticalsupport":"MT","intensity":"Low"},{"scid":221,"duration":"NA","frequency":"NA","totalinterventiontime":"NA","timingofintervention":"A01","theme":["MM"],"providerplatform":"NonMT","musicdelivery":"headphone","theoreticalsupport":"MT","intensity":"Low"},{"scid":222,"duration":"10 min","frequency":"< 3 Times","totalinterventiontime":"NA","timingofintervention":"B01-1day;b01-2day;","theme":["MM"],"providerplatform":"NonMT","musicdelivery":"headphone","theoreticalsupport":"MT","intensity":"Low"},{"scid":223,"duration":"NA","frequency":"NA","totalinterventiontime":"NA","timingofintervention":"A01","theme":["MM"],"providerplatform":"MT","musicdelivery":"speaker","theoreticalsupport":"MT","intensity":"Low"},{"scid":224,"duration":"11.1 min","frequency":"NA","totalinterventiontime":"NA","timingofintervention":"A01","theme":["MM"],"providerplatform":"NonMT","musicdelivery":"headphone","theoreticalsupport":"MT","intensity":"Low"},{"scid":225,"duration":"10`15 min","frequency":"NA","totalinterventiontime":"NA","timingofintervention":"B01;","theme":["MM"],"providerplatform":"NonMT","musicdelivery":"speaker","theoreticalsupport":"MT","intensity":"Low"},{"scid":226,"duration":"60 or 100 min","frequency":"1 \/ Week","totalinterventiontime":"12 Sessions","timingofintervention":"Not Specified","theme":["ACT","Recep"],"providerplatform":"MT","musicdelivery":"live","theoreticalsupport":"Multimodal Music Therapy (MMT)","intensity":"High"},{"scid":227,"duration":"20 min","frequency":"NA","totalinterventiontime":"NA","timingofintervention":"Not Specified","theme":["MM"],"providerplatform":"NonMT","musicdelivery":"speaker equipped with a sound system","theoreticalsupport":"MT","intensity":"Low"},{"scid":228,"duration":"NA","frequency":"NA","totalinterventiontime":"NA","timingofintervention":"A01","theme":["MM"],"providerplatform":"NonMT","musicdelivery":"NA","theoreticalsupport":"MT","intensity":"Low"},{"scid":229,"duration":"30 min","frequency":"1 \/ Day","totalinterventiontime":"2 Days","timingofintervention":"Not Specified","theme":["MM"],"providerplatform":"NonMT","musicdelivery":"headphone","theoreticalsupport":"MT","intensity":"Low"},{"scid":230,"duration":"NA","frequency":"NA","totalinterventiontime":"NA","timingofintervention":"Not Specified","theme":["Recep"],"providerplatform":"MT","musicdelivery":"bone conduction headphone","theoreticalsupport":"An interactive relational approach of receptive music therapy (Bruscia 1998a; Grocke and Wigram 2007), supplemented by adaptation of the Bonny Method Guided Imagery and Music in the medical setting (MED-GIM)12\u00a0was used (Bruscia and Grocke 2002)13","intensity":"Low"},{"scid":231,"duration":"NA","frequency":"3 \/ Week","totalinterventiontime":"8 Weeks","timingofintervention":"Not Specified","theme":["ACT","Recep"],"providerplatform":"MT*","musicdelivery":"live","theoreticalsupport":"MT","intensity":"Low"},{"scid":232,"duration":"60 min","frequency":"1~2 \/ Week","totalinterventiontime":"15 Sessions","timingofintervention":"Not Specified","theme":["ACT","Recep"],"providerplatform":"MT","musicdelivery":"live","theoreticalsupport":"group music therapy","intensity":"High"},{"scid":233,"duration":"20 min","frequency":"3 \/ Week","totalinterventiontime":"8 Weeks","timingofintervention":"Not Specified","theme":["Recep"],"providerplatform":"MT","musicdelivery":"NA","theoreticalsupport":"MT","intensity":"Low"},{"scid":234,"duration":"60 min","frequency":"2 \/ Week","totalinterventiontime":"6 Months","timingofintervention":"Not Specified","theme":["MM"],"providerplatform":"NonMT","musicdelivery":"NA","theoreticalsupport":"MT","intensity":"High"},{"scid":235,"duration":"60 min","frequency":"1 \/ 2Week","totalinterventiontime":"10 Months","timingofintervention":"Not Specified","theme":["ACT","Recep"],"providerplatform":"MT","musicdelivery":"live","theoreticalsupport":"MT","intensity":"High"},{"scid":236,"duration":"90 min","frequency":"1 \/ Week","totalinterventiontime":"12 Weeks","timingofintervention":"Not Specified","theme":["ACT","Recep"],"providerplatform":"MT","musicdelivery":"live","theoreticalsupport":"Vocal music therapy","intensity":"High"},{"scid":237,"duration":"2 Hours","frequency":"3 \/ Week or 3 \/ 2Week","totalinterventiontime":"9 Weeks","timingofintervention":"Not Specified","theme":["Recep"],"providerplatform":"MT","musicdelivery":"NA","theoreticalsupport":"Guided Imagery and Music (GIM)","intensity":"High"},{"scid":238,"duration":"30~45 min","frequency":"1 \/ Week","totalinterventiontime":"3 Weeks","timingofintervention":"Not Specified","theme":["ACT","Recep"],"providerplatform":"MT","musicdelivery":"live","theoreticalsupport":"(active music engagement, live patient-selected music, and music-assisted relaxation)","intensity":"Low"},{"scid":239,"duration":"60 min","frequency":"NA","totalinterventiontime":"NA","timingofintervention":"Not Specified","theme":["MM"],"providerplatform":"NonMT","musicdelivery":"headphone","theoreticalsupport":"MT","intensity":"High"},{"scid":240,"duration":"30 min","frequency":"1 \/ Day","totalinterventiontime":"30 Days","timingofintervention":"Not Specified","theme":["MM"],"providerplatform":"NonMT","musicdelivery":"NA","theoreticalsupport":"NA","intensity":"Low"},{"scid":241,"duration":"20 min","frequency":"2~3 \/ Week","totalinterventiontime":"11 Months*","timingofintervention":"D01;","theme":["Recep"],"providerplatform":"MT","musicdelivery":"live","theoreticalsupport":"Creative Music Therapy","intensity":"Low"},{"scid":242,"duration":"15~20 min","frequency":"NA","totalinterventiontime":"7 Days","timingofintervention":"Not Specified","theme":["MM"],"providerplatform":"NonMT","musicdelivery":"noise cancellation headphone","theoreticalsupport":"MT","intensity":"Low"},{"scid":243,"duration":"NA","frequency":"1 \/ Week","totalinterventiontime":"4 Week","timingofintervention":"Not Specified","theme":["ACT"],"providerplatform":"MT","musicdelivery":"live","theoreticalsupport":"group impromptu music therapy (GIMT)","intensity":"Low"},{"scid":244,"duration":"30 min","frequency":"1 \/ Week","totalinterventiontime":"5 Months","timingofintervention":"Not Specified","theme":["ACT","Recep"],"providerplatform":"MT","musicdelivery":"live","theoreticalsupport":"Individual music therapy","intensity":"Low"},{"scid":245,"duration":"3 Hours","frequency":"3 \/ Week","totalinterventiontime":"8 Weeks","timingofintervention":"Not Specified","theme":["ACT","Recep"],"providerplatform":"NonMT","musicdelivery":"NA","theoreticalsupport":"Multimodal Cognitive Enhancement Therapy (MCET)","intensity":"High"},{"scid":246,"duration":"33.80 min","frequency":"2 \/ Week","totalinterventiontime":"6 Weeks","timingofintervention":"Not Specified","theme":["ACT","Recep"],"providerplatform":"MT","musicdelivery":"live","theoreticalsupport":"Individual music therapy","intensity":"Low"},{"scid":247,"duration":"30 min","frequency":"1 \/ Week","totalinterventiontime":"10 Weeks","timingofintervention":"10.am-1hour;","theme":["ACT","Recep"],"providerplatform":"MT","musicdelivery":"CD player","theoreticalsupport":"Individual music therapy","intensity":"Low"},{"scid":248,"duration":"30 min","frequency":"2 \/ Week*","totalinterventiontime":"16 Weeks","timingofintervention":"Not Specified","theme":["ACT","Recep"],"providerplatform":"MT","musicdelivery":"NA","theoreticalsupport":"MT","intensity":"Low"},{"scid":249,"duration":"45 min","frequency":"1 \/ Week","totalinterventiontime":"8 Weeks","timingofintervention":"2w-2.pm;","theme":["ACT","Recep"],"providerplatform":"MT","musicdelivery":"NA","theoreticalsupport":"group music therapy","intensity":"Low"},{"scid":250,"duration":"45 min","frequency":"1 \/ Day","totalinterventiontime":"5 Days","timingofintervention":"Not Specified","theme":["MM"],"providerplatform":"MT","musicdelivery":"NA","theoreticalsupport":"MT","intensity":"Low"},{"scid":251,"duration":"30 min","frequency":"2 \/ Week","totalinterventiontime":"6 Weeks","timingofintervention":"Not Specified","theme":["ACT","Recep"],"providerplatform":"MT","musicdelivery":"NA","theoreticalsupport":"group music therapy","intensity":"Low"},{"scid":252,"duration":"45 min","frequency":"2 \/ Week","totalinterventiontime":"12 Weeks","timingofintervention":"Not Specified","theme":["ACT","Recep"],"providerplatform":"MT","musicdelivery":"NA","theoreticalsupport":"The Sound Training for Attention and Memory in Dementia (STAM-Dem)","intensity":"Low"},{"scid":253,"duration":"45 min","frequency":"1 \/ Day","totalinterventiontime":"5 Days","timingofintervention":"D03;","theme":["MM"],"providerplatform":"NonMT","musicdelivery":"NA","theoreticalsupport":"MT","intensity":"Low"},{"scid":254,"duration":"30 min","frequency":"2 \/ Week","totalinterventiontime":"6 Weeks","timingofintervention":"Not Specified","theme":["ACT","Recep"],"providerplatform":"MT","musicdelivery":"NA","theoreticalsupport":"group music intervention","intensity":"Low"},{"scid":255,"duration":"42.95 min","frequency":"1 \/ Day","totalinterventiontime":"5 Days","timingofintervention":"Not Specified","theme":["ACT","Recep"],"providerplatform":"MT*","musicdelivery":"live","theoreticalsupport":"reminiscence focused music therapy","intensity":"Low"},{"scid":256,"duration":"NA","frequency":"3 \/ Week","totalinterventiontime":"2 Weeks","timingofintervention":"Not Specified","theme":["ACT","Recep"],"providerplatform":"MT","musicdelivery":"live","theoreticalsupport":"MT","intensity":"Low"},{"scid":257,"duration":"NA","frequency":"2 \/ Week","totalinterventiontime":"12 Weeks","timingofintervention":"Not Specified","theme":["ACT"],"providerplatform":"MT*","musicdelivery":"NA","theoreticalsupport":"MT","intensity":"Low"},{"scid":258,"duration":"1 Hour","frequency":"1 \/ Week","totalinterventiontime":"6 Weeks","timingofintervention":"Not Specified","theme":["ACT","Recep"],"providerplatform":"MT","musicdelivery":"live","theoreticalsupport":"group therapeutic songwriting (TSW)","intensity":"High"},{"scid":259,"duration":"1 Hour","frequency":"1 \/ Week","totalinterventiontime":"6 Weeks","timingofintervention":"Not Specified","theme":["ACT","Recep"],"providerplatform":"MT","musicdelivery":"live","theoreticalsupport":"NMT","intensity":"High"}]