[{"PMID":32083083,"musicalinstruments":"NA","rhythm":"unchange;clearly discernible;","tempo":"2\/2;2\/4","genre":"classical;popular;marche;","soundlevel":"Not Specified","musicselectioncriteria":"an unchanging tempo with a clearly discernible rhythm in 2\/4 or 4\/4 m, with recorded tempo close to the usual walking cadence of each participant.","melody":"Not Specified","songlist":"NA","musicselection":"Pre-selected or Designed by researcher","msid":1},{"PMID":26896913,"musicalinstruments":"NA","rhythm":"Not Specified","tempo":"Not Specified","genre":"Not Specified","soundlevel":"Not Specified","musicselectioncriteria":"NA","melody":"Not Specified","songlist":"NA","musicselection":"Tailored based on patient assessment","msid":2},{"PMID":29991131,"musicalinstruments":"NA","rhythm":"Not Specified","tempo":"Not Specified","genre":"Not Specified","soundlevel":"Not Specified","musicselectioncriteria":"NA","melody":"Not Specified","songlist":"NA","musicselection":"Pre-selected or Designed by researcher","msid":3},{"PMID":16618375,"musicalinstruments":"NA","rhythm":"Not Specified","tempo":"Not Specified","genre":"Not Specified","soundlevel":"Not Specified","musicselectioncriteria":"familiar to elderly Icelander","melody":"Not Specified","songlist":"NA","musicselection":"Pre-selected or Designed by researcher","msid":4},{"PMID":19628939,"musicalinstruments":"NA","rhythm":"Not Specified","tempo":"Not Specified","genre":"Classical;Jazz;World;Various;","soundlevel":"Not Specified","musicselectioncriteria":"NA","melody":"Not Specified","songlist":"NA","musicselection":"Tailored based on patient assessment","msid":5},{"PMID":31142196,"musicalinstruments":"NA","rhythm":"Not Specified","tempo":"Not Specified","genre":"Not Specified","soundlevel":"Not Specified","musicselectioncriteria":"NA","melody":"pleasure;joyful;easy-to-song;","songlist":"The used original songs were \u201cMilord\u201d (Edith Piaf), \u201cMon amant de St-Jean\u201d for two patients (Lucienne Delyle), \u201cMexico\u201d (Luis Mariano), \u201cLe Mexicain\u201d (Les Compagnons de la chanson), \u201cQue la montagne est belle\u201d (Jean Ferrat), \u201cLa boh\u00e8me\u201d (Charles Aznavour), \u201cLa ballade des gens heur_x0002_eux\u201d (G\u00e9rard Lenormand), \u201cQuand la musique est bonne\u201d (Jean-Jacques Goldman), \u201cL\u2019internationale\u201d (Eug\u00e8ne Pottier and Pierre Degeyter) for the french artists, and \u201cCamisa Negra\u201d (Juanes) and \u201cDon\u2019t be cruel\u201d (Presley) for international artists","musicselection":"Others","msid":6},{"PMID":17997624,"musicalinstruments":"NA","rhythm":"upbeat;","tempo":"Not Specified","genre":"popular;","soundlevel":"Not Specified","musicselectioncriteria":"NA","melody":"Not Specified","songlist":"NA","musicselection":"Pre-selected or Designed by researcher","msid":7},{"PMID":26483829,"musicalinstruments":"NA","rhythm":"Not Specified","tempo":"Not Specified","genre":"Not Specified","soundlevel":"Not Specified","musicselectioncriteria":"The utilized songs were the patients' favorite ones, which were either popular in their youth or very familiar ones of recent years.","melody":"Not Specified","songlist":"NA","musicselection":"Tailored based on patient assessment","msid":8},{"PMID":30072173,"musicalinstruments":"NA","rhythm":"Not Specified","tempo":"Not Specified","genre":"traditional;","soundlevel":"Not Specified","musicselectioncriteria":"To enhance interest and participation, the music chosen with consid eration of their age was experiential\/traditional music that constitutes a youth experience deeply imprinted in the long-term memory of elderly patients.","melody":"Not Specified","songlist":"NA","musicselection":"Pre-selected or Designed by researcher","msid":9},{"PMID":28138867,"musicalinstruments":"NA","rhythm":"Not Specified","tempo":"Not Specified","genre":"Not Specified","soundlevel":"Not Specified","musicselectioncriteria":"NA","melody":"Not Specified","songlist":"NA","musicselection":"1*","msid":10},{"PMID":25916420,"musicalinstruments":"NA","rhythm":"Not Specified","tempo":"Not Specified","genre":"Not Specified","soundlevel":"Not Specified","musicselectioncriteria":"NA","melody":"Not Specified","songlist":" \u2018\u2018Are you sleeping\u2019\u2019, \u2018\u2018Edelweiss\u2019\u2019, and \u2018\u2018Auld lang syne\u2019\u2019 ","musicselection":"Pre-selected or Designed by researcher","msid":11},{"PMID":30271375,"musicalinstruments":"NA","rhythm":"unchange;clearly;nolyrics;","tempo":"Not Specified","genre":"Not Specified","soundlevel":"Not Specified","musicselectioncriteria":"clearly structured\u00a0rhythm\u00a0with strongly accentuated meter, adequate volume with no significant perturbations or qualitative changes in intensity, familiar\u00a0melody, no lyrics, and a superimposed salient high-pitch bell sound to foster the metered walking pace additionally","melody":"Not Specified","songlist":"NA","musicselection":"Pre-selected or Designed by researcher","msid":12},{"PMID":27532880,"musicalinstruments":"NA","rhythm":"Not Specified","tempo":"Not Specified","genre":"Not Specified","soundlevel":"Not Specified","musicselectioncriteria":"NA","melody":"Not Specified","songlist":"NA","musicselection":"Pre-selected or Designed by researcher","msid":13},{"PMID":24020037,"musicalinstruments":"NA","rhythm":"Not Specified","tempo":"Not Specified","genre":"Not Specified","soundlevel":"Not Specified","musicselectioncriteria":"NA","melody":"Not Specified","songlist":"NA","musicselection":"Pre-selected or Designed by researcher","msid":14},{"PMID":26000622,"musicalinstruments":"NA","rhythm":"Not Specified","tempo":"Not Specified","genre":"Not Specified","soundlevel":"Not Specified","musicselectioncriteria":"NA","melody":"Not Specified","songlist":"NA","musicselection":"Pre-selected or Designed by researcher","msid":15},{"PMID":29560318,"musicalinstruments":"NA","rhythm":"Not Specified","tempo":"Not Specified","genre":"Not Specified","soundlevel":"Not Specified","musicselectioncriteria":"NA","melody":"Not Specified","songlist":"\u2018Santokki (a jack rabbit)\u2019, a well-known Korean children's song published in the year 1938.","musicselection":"Pre-selected or Designed by researcher","msid":16},{"PMID":27445970,"musicalinstruments":"NA","rhythm":"Not Specified","tempo":"Not Specified","genre":"Not Specified","soundlevel":"Not Specified","musicselectioncriteria":"NA","melody":"Not Specified","songlist":"NA","musicselection":"Pre-selected or Designed by researcher","msid":17},{"PMID":24904358,"musicalinstruments":"NA","rhythm":"Not Specified","tempo":"Not Specified","genre":"Not Specified","soundlevel":"Not Specified","musicselectioncriteria":"NA","melody":"Not Specified","songlist":"NA","musicselection":"Pre-selected or Designed by researcher","msid":18},{"PMID":33341022,"musicalinstruments":"NA","rhythm":"Not Specified","tempo":"Not Specified","genre":"Not Specified","soundlevel":"Not Specified","musicselectioncriteria":"NA","melody":"Not Specified","songlist":"NA","musicselection":"Pre-selected or Designed by researcher","msid":19},{"PMID":33946687,"musicalinstruments":"NA","rhythm":"Not Specified","tempo":"Not Specified","genre":"classical;pop;rock;","soundlevel":"Not Specified","musicselectioncriteria":"NA","melody":"Not Specified","songlist":"Mozart;Beethoven;Vivaldi;","musicselection":"Tailored based on patient assessment","msid":20},{"PMID":30086617,"musicalinstruments":"NA","rhythm":"Not Specified","tempo":"Not Specified","genre":"Not Specified","soundlevel":"Not Specified","musicselectioncriteria":"NA","melody":"Not Specified","songlist":"NA","musicselection":"Pre-selected or Designed by researcher","msid":21},{"PMID":10845352,"musicalinstruments":"NA","rhythm":"Not Specified","tempo":"Not Specified","genre":"Not Specified","soundlevel":"Not Specified","musicselectioncriteria":"NA","melody":"Not Specified","songlist":"NA","musicselection":"Pre-selected or Designed by researcher","msid":22},{"PMID":31081485,"musicalinstruments":"NA","rhythm":"Not Specified","tempo":"Not Specified","genre":"Not Specified","soundlevel":"Not Specified","musicselectioncriteria":"NA","melody":"Not Specified","songlist":"NA","musicselection":"Pre-selected or Designed by researcher","msid":23},{"PMID":26858628,"musicalinstruments":"NA","rhythm":"Not Specified","tempo":"Not Specified","genre":"African;Indian;","soundlevel":"Not Specified","musicselectioncriteria":"NA","melody":"Not Specified","songlist":"NA","musicselection":"Pre-selected or Designed by researcher","msid":24},{"PMID":11796078,"musicalinstruments":"NA","rhythm":"Not Specified","tempo":"Not Specified","genre":"Not Specified","soundlevel":"Not Specified","musicselectioncriteria":"NA","melody":"Not Specified","songlist":"NA","musicselection":"Pre-selected or Designed by researcher","msid":25},{"PMID":26987751,"musicalinstruments":"NA","rhythm":"Not Specified","tempo":"Not Specified","genre":"Not Specified","soundlevel":"Not Specified","musicselectioncriteria":"NA","melody":"Not Specified","songlist":"        ","musicselection":"Pre-selected or Designed by researcher","msid":26},{"PMID":34960415,"musicalinstruments":"NA","rhythm":"Not Specified","tempo":"90~120","genre":"Not Specified","soundlevel":"Not Specified","musicselectioncriteria":"NA","melody":"Not Specified","songlist":"NA","musicselection":"Pre-selected or Designed by researcher","msid":27},{"PMID":26380242,"musicalinstruments":"NA","rhythm":"Not Specified","tempo":"Not Specified","genre":"Not Specified","soundlevel":"Not Specified","musicselectioncriteria":"NA","melody":"Not Specified","songlist":"NA","musicselection":"Pre-selected or Designed by researcher","msid":28},{"PMID":34567544,"musicalinstruments":"NA","rhythm":"Not Specified","tempo":"Not Specified","genre":"Not Specified","soundlevel":"Not Specified","musicselectioncriteria":"NA","melody":"Not Specified","songlist":"NA","musicselection":"Pre-selected or Designed by researcher","msid":29},{"PMID":18592368,"musicalinstruments":"NA","rhythm":"Not Specified","tempo":"Not Specified","genre":"Not Specified","soundlevel":"Not Specified","musicselectioncriteria":"NA","melody":"Not Specified","songlist":"NA","musicselection":"Pre-selected or Designed by researcher","msid":30},{"PMID":32950853,"musicalinstruments":"NA","rhythm":"Not Specified","tempo":"Not Specified","genre":"Not Specified","soundlevel":"Not Specified","musicselectioncriteria":"NA","melody":"Not Specified","songlist":"NA","musicselection":"Others","msid":31},{"PMID":35310290,"musicalinstruments":"NA","rhythm":"Not Specified","tempo":"Not Specified","genre":"classical;","soundlevel":"Not Specified","musicselectioncriteria":"NA","melody":"Not Specified","songlist":"NA","musicselection":"NA","msid":32},{"PMID":25099983,"musicalinstruments":"NA","rhythm":"Not Specified","tempo":"Not Specified","genre":"pop;classical;film scores;folk;jazz;","soundlevel":"Not Specified","musicselectioncriteria":"the most famous national and international pieces","melody":"Not Specified","songlist":"NA","musicselection":"Participant selected form limited set","msid":33},{"PMID":33285746,"musicalinstruments":"NA","rhythm":"Not Specified","tempo":"Not Specified","genre":"Not Specified","soundlevel":"Not Specified","musicselectioncriteria":"NA","melody":"Not Specified","songlist":"NA","musicselection":"Participant selected form limited set","msid":34},{"PMID":34041615,"musicalinstruments":"NA","rhythm":"Not Specified","tempo":"Not Specified","genre":"Not Specified","soundlevel":"Not Specified","musicselectioncriteria":"\u539f\u6587","melody":"Not Specified","songlist":"NA","musicselection":"Tailored based on patient assessment","msid":35},{"PMID":34134947,"musicalinstruments":"NA","rhythm":"Not Specified","tempo":"Not Specified","genre":"classical;light;retro;pop;","soundlevel":"Not Specified","musicselectioncriteria":"NA","melody":"Not Specified","songlist":"NA","musicselection":"Participant selected form limited set","msid":36},{"PMID":31598509,"musicalinstruments":"NA","rhythm":"slow and consistent","tempo":"Not Specified","genre":"classical;traditional;","soundlevel":"Not Specified","musicselectioncriteria":"NA","melody":"Not Specified","songlist":"Beethoven","musicselection":"Pre-selected or Designed by researcher","msid":37},{"PMID":21933563,"musicalinstruments":"NA","rhythm":"Not Specified","tempo":"Not Specified","genre":"Chinese classical folk music, famous world music, the music recommended by American Association of Music Therapy (AAMT) and relaxation music.","soundlevel":"Not Specified","musicselectioncriteria":"NA","melody":"Not Specified","songlist":202,"musicselection":"Participant selected form limited set","msid":38},{"PMID":20386063,"musicalinstruments":"NA","rhythm":"Not Specified","tempo":"Not Specified","genre":"Not Specified","soundlevel":"Not Specified","musicselectioncriteria":"NA","melody":"Not Specified","songlist":"NA","musicselection":"Participant selected form own collection","msid":39},{"PMID":26331434,"musicalinstruments":"NA","rhythm":"Not Specified","tempo":"Not Specified","genre":"Not Specified","soundlevel":"Not Specified","musicselectioncriteria":"NA","melody":"Not Specified","songlist":"relaxing music (\u2018\u2018The Stream,\u2019\u2019 \u2018\u2018The Sea,\u2019\u2019 \u2018\u2018The Mountain,\u2019\u2019 and \u2018\u2018The Prairie\u2019\u2019 provided by the Beijing Gaotian music mental health re search center) and music imagination (\u2018\u2018A Lover\u2019s Con certo\u2019\u2019 from Johann Sebastian Bach, \u2018\u2018Annie\u2019s Wonderland\u2019\u2019 from Bandari, \u2018\u2018A Moonlit Night on the Spring River,\u2019\u2019 \u2018\u2018Song of the Homebound Fishermen\u2019\u2019 and \u2018\u2018Shepherd Boy\u2019s Piccolo\u2019\u2019 from ancient Chinese melodies; \u2018\u2018The Enchanting Forest\u2019\u2019 from Wu Jindai; \u2018\u2018Yao\u2019s Dance Music\u2019\u2019 from Zhu Longtao; \u2018\u2018The Shining Tashikuergan\u2019\u2019 and \u2018\u2018Morning of Miao Mountain\u2019\u2019 from Chinese famous violin music; \u2018\u2018Horse Racing\u2019\u2019 from Chinese Erhu music; \u2018\u2018Yun Shui Yin\u2019\u2019 and \u2018\u2018Heart of Heaven\u2019\u2019 from Chinese Buddhist music).","musicselection":"Pre-selected or Designed by researcher","msid":40},{"PMID":25181938,"musicalinstruments":"NA","rhythm":"Not Specified","tempo":"Not Specified","genre":"Chinese relax_x0002_ation;classical folk;religious;the music recommended by American Association of Music Therapy (AAMT);","soundlevel":"Not Specified","musicselectioncriteria":"NA","melody":"Not Specified","songlist":230,"musicselection":"Pre-selected or Designed by researcher","msid":41},{"PMID":21978087,"musicalinstruments":"NA","rhythm":"Not Specified","tempo":"Not Specified","genre":"Not Specified","soundlevel":"Not Specified","musicselectioncriteria":"NA","melody":"Not Specified","songlist":"NA","musicselection":"Participant selected form own collection","msid":42},{"PMID":23134272,"musicalinstruments":"NA","rhythm":"soft;serene;","tempo":"Not Specified","genre":"instrumental Turkish Music","soundlevel":"Not Specified","musicselectioncriteria":"NA","melody":"Not Specified","songlist":"NA","musicselection":"Pre-selected or Designed by researcher","msid":43},{"PMID":34563626,"musicalinstruments":"NA","rhythm":"Not Specified","tempo":"Not Specified","genre":"Not Specified","soundlevel":"Not Specified","musicselectioncriteria":"NA","melody":"Not Specified","songlist":"NA","musicselection":"1*","msid":44},{"PMID":31038430,"musicalinstruments":"NA","rhythm":"Not Specified","tempo":"Not Specified","genre":"Not Specified","soundlevel":"Not Specified","musicselectioncriteria":"NA","melody":"Not Specified","songlist":"NA","musicselection":"Participant selected form limited set","msid":45},{"PMID":27838685,"musicalinstruments":"NA","rhythm":"Not Specified","tempo":"Not Specified","genre":"classical;","soundlevel":"Not Specified","musicselectioncriteria":"NA","melody":"Not Specified","songlist":"NA","musicselection":"4*","msid":46},{"PMID":27979609,"musicalinstruments":"NA","rhythm":"Not Specified","tempo":"Not Specified","genre":"classical;","soundlevel":"Not Specified","musicselectioncriteria":"NA","melody":"Not Specified","songlist":"NA","musicselection":"4*","msid":47},{"PMID":28775679,"musicalinstruments":"NA","rhythm":"Not Specified","tempo":"Not Specified","genre":"Not Specified","soundlevel":"Not Specified","musicselectioncriteria":"NA","melody":"Not Specified","songlist":"NA","musicselection":"4*","msid":48},{"PMID":34477246,"musicalinstruments":"NA","rhythm":"Not Specified","tempo":"Not Specified","genre":"Not Specified","soundlevel":"Not Specified","musicselectioncriteria":"circularly, slowly, and harmonious melody","melody":"Not Specified","songlist":"NA","musicselection":"3*","msid":49},{"PMID":25721305,"musicalinstruments":"NA","rhythm":"Not Specified","tempo":"Not Specified","genre":"Not Specified","soundlevel":"Not Specified","musicselectioncriteria":"NA","melody":"Not Specified","songlist":"NA","musicselection":"Pre-selected or Designed by researcher","msid":50},{"PMID":15840076,"musicalinstruments":"NA","rhythm":"Not Specified","tempo":"Not Specified","genre":"Chinese classical;religious(Buddhist and Christian);Western classical;music of natural sounds;","soundlevel":"Not Specified","musicselectioncriteria":"slow beats and was relaxing","melody":"Not Specified","songlist":"NA","musicselection":"Participant selected form limited set","msid":51},{"PMID":23689789,"musicalinstruments":"NA","rhythm":"Not Specified","tempo":"Not Specified","genre":"Not Specified","soundlevel":"Not Specified","musicselectioncriteria":"NA","melody":"Not Specified","songlist":"NA","musicselection":"Participant selected form own collection;Tailored based on patient assessment;","msid":52},{"PMID":21323778,"musicalinstruments":"NA","rhythm":"Not Specified","tempo":"Not Specified","genre":"classical;","soundlevel":"Not Specified","musicselectioncriteria":"NA","melody":"Not Specified","songlist":"Bach\u2019s 19 trio sonatas played by James Galway on flute","musicselection":"Pre-selected or Designed by researcher","msid":53},{"PMID":12590891,"musicalinstruments":"NA","rhythm":"Not Specified","tempo":"Not Specified","genre":"classical;","soundlevel":"Not Specified","musicselectioncriteria":"NA","melody":"Not Specified","songlist":"Beethoven-Suite 1from Sonata in C-sharp minor (Moonlight sonata);Pachebel-Canon;Debussy-Claire de lune;Bach-Air from suite for orchestra no. 3;Vivaldi-Spring: Largo;Seymer-Sol\u00f6ga [Suneye];Marcello-Concerto for oboe in D minor: Adagio;","musicselection":"Pre-selected or Designed by researcher","msid":54},{"PMID":30897585,"musicalinstruments":"NA","rhythm":"Not Specified","tempo":"60~80","genre":"Not Specified","soundlevel":"Not Specified","musicselectioncriteria":"NA","melody":"Not Specified","songlist":"\u201cney\u201d music","musicselection":"Pre-selected or Designed by researcher","msid":55},{"PMID":36868934,"musicalinstruments":"NA","rhythm":"Not Specified","tempo":"Not Specified","genre":"Not Specified","soundlevel":"Not Specified","musicselectioncriteria":"children's songs chosen in the patient's native language (Spanish or Catalan), with the age group, interests, and emotional state in mind, in combination with vocal and instrumental music.","melody":"Not Specified","songlist":"NA","musicselection":"Pre-selected or Designed by researcher","msid":56},{"PMID":27654229,"musicalinstruments":"NA","rhythm":"Not Specified","tempo":"Not Specified","genre":"Acemi A\u015firan, Hejaz and Rast music. ","soundlevel":"Not Specified","musicselectioncriteria":"The music was prepared by the Group for the Research and Promo_x0002_tion of Turkish Music (T\u00dcMATA) and mainly involved water and nature sounds, which have been shown to positively affect mental health.","melody":"Not Specified","songlist":"NA","musicselection":"Pre-selected or Designed by researcher","msid":57},{"PMID":24280478,"musicalinstruments":"NA","rhythm":"Not Specified","tempo":"Not Specified","genre":"pop;","soundlevel":"Not Specified","musicselectioncriteria":4,"melody":"Not Specified","songlist":"NA","musicselection":"1*","msid":58},{"PMID":17919155,"musicalinstruments":"NA","rhythm":"Not Specified","tempo":"Not Specified","genre":"Not Specified","soundlevel":"Not Specified","musicselectioncriteria":"NA","melody":"Not Specified","songlist":"NA","musicselection":"Others","msid":59},{"PMID":32891292,"musicalinstruments":"NA","rhythm":"Not Specified","tempo":"Not Specified","genre":"Not Specified","soundlevel":"Not Specified","musicselectioncriteria":"The audio files were mixed along with a mild instrumental music (a mild and relaxing soundtrack by Arnd Stein about the sounds of birds and ocean waves) for 5 minutes. ","melody":"Not Specified","songlist":"NA","musicselection":"Tailored based on patient assessment","msid":60},{"PMID":36009107,"musicalinstruments":"NA","rhythm":"Not Specified","tempo":"Not Specified","genre":"popular;folk;rock;classic;","soundlevel":"Not Specified","musicselectioncriteria":"NA","melody":"Not Specified","songlist":"NA","musicselection":"Tailored based on patient assessment","msid":61},{"PMID":19027186,"musicalinstruments":"NA","rhythm":"Not Specified","tempo":"Not Specified","genre":"Not Specified","soundlevel":"Not Specified","musicselectioncriteria":"NA","melody":"Not Specified","songlist":"NA","musicselection":"Others","msid":62},{"PMID":31427898,"musicalinstruments":"NA","rhythm":"stable, dynamic, fun harmonious, regular;","tempo":"Not Specified","genre":"Not Specified","soundlevel":"Not Specified","musicselectioncriteria":"NA","melody":"Not Specified","songlist":"Peter Sterling-\u201cThe Angels Gift\u201d","musicselection":"NA","msid":63},{"PMID":30012391,"musicalinstruments":"NA","rhythm":"Not Specified","tempo":"60~80","genre":"Thai instrumental folk music ","soundlevel":"40~60","musicselectioncriteria":"NA","melody":"Not Specified","songlist":"NA","musicselection":"Pre-selected or Designed by researcher","msid":64},{"PMID":30249121,"musicalinstruments":"NA","rhythm":"Not Specified","tempo":"Not Specified","genre":"pop, movie soundtracks, classical, jazz, and folk music.","soundlevel":"Not Specified","musicselectioncriteria":"NA","melody":"Not Specified","songlist":"NA","musicselection":"Pre-selected or Designed by researcher","msid":65},{"PMID":28260913,"musicalinstruments":"NA","rhythm":"Not Specified","tempo":"60~80","genre":"melodic instrumental music","soundlevel":"Not Specified","musicselectioncriteria":"NA","melody":"Not Specified","songlist":"NA","musicselection":"Participant selected form own collection","msid":66},{"PMID":34828484,"musicalinstruments":"NA","rhythm":"Not Specified","tempo":"Not Specified","genre":"classical;religious;pop;others;","soundlevel":"Not Specified","musicselectioncriteria":"NA","melody":"Not Specified","songlist":"NA","musicselection":"Participant selected form own collection","msid":67},{"PMID":23108015,"musicalinstruments":"NA","rhythm":"Not Specified","tempo":"Not Specified","genre":"Not Specified","soundlevel":"Not Specified","musicselectioncriteria":"NA","melody":"Not Specified","songlist":"NA","musicselection":"Pre-selected or Designed by researcher","msid":68},{"PMID":27670863,"musicalinstruments":"NA","rhythm":"Not Specified","tempo":"Not Specified","genre":"Not Specified","soundlevel":"Not Specified","musicselectioncriteria":"NA","melody":"Not Specified","songlist":"NA","musicselection":"Participant selected form limited set","msid":69},{"PMID":26245724,"musicalinstruments":"NA","rhythm":"Not Specified","tempo":"Not Specified","genre":"Not Specified","soundlevel":"Not Specified","musicselectioncriteria":"NA","melody":"Not Specified","songlist":"NA","musicselection":"Pre-selected or Designed by researcher","msid":70},{"PMID":36334181,"musicalinstruments":"NA","rhythm":"Not Specified","tempo":"Not Specified","genre":"Not Specified","soundlevel":"Not Specified","musicselectioncriteria":"NA","melody":"Not Specified","songlist":"NA","musicselection":"5*","msid":71},{"PMID":22397390,"musicalinstruments":"NA","rhythm":"Not Specified","tempo":"Not Specified","genre":"classical;jazz;film;","soundlevel":"Not Specified","musicselectioncriteria":"NA","melody":"Not Specified","songlist":"NA","musicselection":"Participant selected form limited set","msid":72},{"PMID":32056820,"musicalinstruments":"NA","rhythm":"Not Specified","tempo":"Not Specified","genre":"Turkish Classical Music.","soundlevel":"Not Specified","musicselectioncriteria":"NA","melody":"Not Specified","songlist":"Ajam Ashiran maqam","musicselection":"Pre-selected or Designed by researcher","msid":73},{"PMID":12173164,"musicalinstruments":"NA","rhythm":"Not Specified","tempo":"Not Specified","genre":"classical;jazz;pop;rock;","soundlevel":"Not Specified","musicselectioncriteria":"NA","melody":"Not Specified","songlist":"NA","musicselection":"Participant selected form own collection","msid":74},{"PMID":30260780,"musicalinstruments":"NA","rhythm":"Not Specified","tempo":"Not Specified","genre":"classical music, pop music, rap music, Turkish classical music, Turkish folk music, and traditional religious music.","soundlevel":"Not Specified","musicselectioncriteria":"NA","melody":"Not Specified","songlist":"NA","musicselection":"Tailored based on patient assessment","msid":75},{"PMID":14622675,"musicalinstruments":"NA","rhythm":"Not Specified","tempo":"Not Specified","genre":"Not Specified","soundlevel":"Not Specified","musicselectioncriteria":"NA","melody":"Not Specified","songlist":"NA","musicselection":"Participant selected form limited set","msid":76},{"PMID":11866419,"musicalinstruments":"NA","rhythm":"Not Specified","tempo":"Not Specified","genre":"Not Specified","soundlevel":"Not Specified","musicselectioncriteria":"NA","melody":"Not Specified","songlist":"NA","musicselection":"Pre-selected or Designed by researcher","msid":77},{"PMID":22781506,"musicalinstruments":"NA","rhythm":"Not Specified","tempo":"Not Specified","genre":"Not Specified","soundlevel":"Not Specified","musicselectioncriteria":"NA","melody":"Not Specified","songlist":"NA","musicselection":"Pre-selected or Designed by researcher","msid":78},{"PMID":16897144,"musicalinstruments":"NA","rhythm":"Not Specified","tempo":"Not Specified","genre":"Not Specified","soundlevel":"Not Specified","musicselectioncriteria":"NA","melody":"Not Specified","songlist":"NA","musicselection":"Pre-selected or Designed by researcher","msid":79},{"PMID":33280783,"musicalinstruments":"NA","rhythm":"Not Specified","tempo":"Not Specified","genre":"Not Specified","soundlevel":"Not Specified","musicselectioncriteria":"NA","melody":"Not Specified","songlist":"a set of 12 playlists provided on an iPad application ( \u201cThe Music Star\u201d) ","musicselection":"Participant selected form own collection","msid":80},{"PMID":17645384,"musicalinstruments":"NA","rhythm":"Not Specified","tempo":"Not Specified","genre":"Not Specified","soundlevel":"Not Specified","musicselectioncriteria":"NA","melody":"Not Specified","songlist":"Kobialka's Fragrances of a Dream, Going Home Again, and 77meless Motion;Kobialka's Fragrances of a Dream or Timeless Motion;","musicselection":"Pre-selected or Designed by researcher","msid":81},{"PMID":35285439,"musicalinstruments":"NA","rhythm":"Not Specified","tempo":"Not Specified","genre":"Korean traditional music, classical music, new-age ballads, and religious music;","soundlevel":"60~70","musicselectioncriteria":"NA","melody":"Not Specified","songlist":"NA","musicselection":"Participant selected form limited set","msid":82},{"PMID":36650441,"musicalinstruments":"NA","rhythm":"calming","tempo":"60~80","genre":"Not Specified","soundlevel":"Not Specified","musicselectioncriteria":"NA","melody":"Not Specified","songlist":"NA","musicselection":"Pre-selected or Designed by researcher","msid":83},{"PMID":31799291,"musicalinstruments":"NA","rhythm":"Not Specified","tempo":"Not Specified","genre":"Not Specified","soundlevel":"Not Specified","musicselectioncriteria":"NA","melody":"Not Specified","songlist":"NA","musicselection":"Others","msid":84},{"PMID":27863609,"musicalinstruments":"NA","rhythm":"Not Specified","tempo":"Not Specified","genre":"pleasant natural sounds","soundlevel":"25~50","musicselectioncriteria":"collection of natural sounds: birds\u2019 song, soothing rain, river streams, waterfalls, or a walk through the forest, as prearranged by the researcher.","melody":"Not Specified","songlist":"collection of natural sounds: birds\u2019 song, soothing rain, river streams, waterfalls, or a walk through the forest, as prearranged by the researcher.","musicselection":"Pre-selected or Designed by researcher","msid":85},{"PMID":26339666,"musicalinstruments":"NA","rhythm":"Not Specified","tempo":"Not Specified","genre":"Not Specified","soundlevel":"Not Specified","musicselectioncriteria":"NA","melody":"Not Specified","songlist":"light instrumental music albums by Johann Sebastian Bach and Mariko Makino","musicselection":"Pre-selected or Designed by researcher","msid":86},{"PMID":33798055,"musicalinstruments":"soft and soothing","rhythm":"Not Specified","tempo":"Not Specified","genre":"light music, folk songs, opera, and pop music","soundlevel":"Not Specified","musicselectioncriteria":"NA","melody":"Not Specified","songlist":"NA","musicselection":"Participant selected form limited set","msid":87},{"PMID":32493872,"musicalinstruments":"soft and soothing","rhythm":"Not Specified","tempo":"Not Specified","genre":"light music, folk songs, operas, pop music","soundlevel":"Not Specified","musicselectioncriteria":"NA","melody":"Not Specified","songlist":"NA","musicselection":"Participant selected form limited set","msid":88},{"PMID":32393300,"musicalinstruments":"NA","rhythm":"Not Specified","tempo":"Not Specified","genre":"light music and relaxing music.","soundlevel":"Not Specified","musicselectioncriteria":"NA","melody":"Not Specified","songlist":"NA","musicselection":"Participant selected form own collection","msid":89},{"PMID":32604430,"musicalinstruments":"NA","rhythm":"Not Specified","tempo":"Not Specified","genre":"classical, folk, and pop music","soundlevel":"Not Specified","musicselectioncriteria":"NA","melody":"Not Specified","songlist":"NA","musicselection":"Participant selected form limited set","msid":90},{"PMID":18005804,"musicalinstruments":"NA","rhythm":"Not Specified","tempo":"Not Specified","genre":"Not Specified","soundlevel":"Not Specified","musicselectioncriteria":"NA","melody":"Not Specified","songlist":"NA","musicselection":"Participant selected form limited set","msid":91},{"PMID":26835471,"musicalinstruments":"NA","rhythm":"Not Specified","tempo":"Not Specified","genre":"light music","soundlevel":"Not Specified","musicselectioncriteria":"music contained the sounds of nature including sea and bird sounds with duration of 30 minutes.","melody":"Not Specified","songlist":"NA","musicselection":"Pre-selected or Designed by researcher","msid":92},{"PMID":36862883,"musicalinstruments":"NA","rhythm":"Not Specified","tempo":"Not Specified","genre":"Not Specified","soundlevel":"40~60","musicselectioncriteria":"music was selected from the 5-phase music cassette\u00a0","melody":"Not Specified","songlist":"The 5-phase music cassette (Chinese Medical Multimedia Press) was composed and arranged by Shifeng Cong","musicselection":"Pre-selected or Designed by researcher","msid":93},{"PMID":33288333,"musicalinstruments":"NA","rhythm":"Not Specified","tempo":"60-Hz and intensity 5-mm","genre":"Not Specified","soundlevel":"Not Specified","musicselectioncriteria":"NA","melody":"Not Specified","songlist":"marching music,like military field drums","musicselection":"Participant selected form limited set","msid":94},{"PMID":35347418,"musicalinstruments":"NA","rhythm":"Not Specified","tempo":"Not Specified","genre":"Not Specified","soundlevel":"Not Specified","musicselectioncriteria":"NA","melody":"Not Specified","songlist":"NA","musicselection":"Tailored based on patient assessment","msid":95},{"PMID":25045035,"musicalinstruments":"NA","rhythm":"Not Specified","tempo":"Not Specified","genre":"Not Specified","soundlevel":"Not Specified","musicselectioncriteria":"NA","melody":"Not Specified","songlist":"NA","musicselection":"Pre-selected or Designed by researcher","msid":96},{"PMID":33387863,"musicalinstruments":"NA","rhythm":"Not Specified","tempo":"Not Specified","genre":"Not Specified","soundlevel":"Not Specified","musicselectioncriteria":"NA","melody":"Not Specified","songlist":"NA","musicselection":"Others","msid":97},{"PMID":31879625,"musicalinstruments":"NA","rhythm":"Not Specified","tempo":"Not Specified","genre":"classical;","soundlevel":"Not Specified","musicselectioncriteria":"NA","melody":"Not Specified","songlist":"NA","musicselection":"Pre-selected or Designed by researcher","msid":98},{"PMID":33388728,"musicalinstruments":"NA","rhythm":"Not Specified","tempo":"Not Specified","genre":"Not Specified","soundlevel":"Not Specified","musicselectioncriteria":"NA","melody":"Not Specified","songlist":"NA","musicselection":"Pre-selected or Designed by researcher","msid":99},{"PMID":26573456,"musicalinstruments":"NA","rhythm":"Not Specified","tempo":"Not Specified","genre":"Not Specified","soundlevel":"Not Specified","musicselectioncriteria":"NA","melody":"Not Specified","songlist":"NA","musicselection":"Pre-selected or Designed by researcher","msid":100},{"PMID":27430941,"musicalinstruments":"piano, guitar, synthesizers, and Eastern instruments, lake bansuri and tanpura flute","rhythm":"432 Hz","tempo":"Not Specified","genre":"Not Specified","soundlevel":"Not Specified","musicselectioncriteria":"NA","melody":"Not Specified","songlist":"1.Lotus; 2.Summer; 3.Signs; 4.White Flower; 5.Melody","musicselection":"Pre-selected or Designed by researcher","msid":101},{"PMID":36643242,"musicalinstruments":"NA","rhythm":"Not Specified","tempo":"Not Specified","genre":"Thai pop","soundlevel":"60(MAX)","musicselectioncriteria":"NA","melody":"Not Specified","songlist":"NA","musicselection":"Pre-selected or Designed by researcher;Participant selected form own collection;","msid":102},{"PMID":29484877,"musicalinstruments":"NA","rhythm":"Not Specified","tempo":"Not Specified","genre":"Not Specified","soundlevel":"Not Specified","musicselectioncriteria":"NA","melody":"Not Specified","songlist":"NA","musicselection":"Tailored based on patient assessment","msid":103},{"PMID":28937272,"musicalinstruments":"NA","rhythm":"Not Specified","tempo":"Not Specified","genre":"Not Specified","soundlevel":"Not Specified","musicselectioncriteria":"NA","melody":"Not Specified","songlist":"\u00a0\u2018March of 365 steps\u2019 (3 min), \u2018Hakodatenohito\u2019 (3 min), \u2018Palm in the sun\u2019 (3 min), \u2018Kiyoshi's Zundoko\u2019 (4 min)","musicselection":"Pre-selected or Designed by researcher","msid":104},{"PMID":12597728,"musicalinstruments":"NA","rhythm":"Not Specified","tempo":"Not Specified","genre":"Not Specified","soundlevel":"Not Specified","musicselectioncriteria":"NA","melody":"Not Specified","songlist":" \"Yankee Doodle\" and \"Batde Hymn of the Republic\",\"America the Beautiful\" ","musicselection":"Pre-selected or Designed by researcher","msid":105},{"PMID":32106559,"musicalinstruments":"NA","rhythm":"Not Specified","tempo":"Not Specified","genre":"Not Specified","soundlevel":"Not Specified","musicselectioncriteria":"NA","melody":"Not Specified","songlist":"\u770b\u539f\u6587","musicselection":"Others","msid":106},{"PMID":36148124,"musicalinstruments":"NA","rhythm":"Not Specified","tempo":"Not Specified","genre":"Not Specified","soundlevel":"Not Specified","musicselectioncriteria":"NA","melody":"Not Specified","songlist":"NA","musicselection":"Tailored based on patient assessment","msid":107},{"PMID":32337122,"musicalinstruments":"NA","rhythm":"Not Specified","tempo":"Not Specified","genre":"blues;classical;country;gospel;jazz;classical;rhythm and blues;rock;soundtrack;","soundlevel":"Not Specified","musicselectioncriteria":"NA","melody":"Not Specified","songlist":"NA","musicselection":"NA","msid":108},{"PMID":30770536,"musicalinstruments":"NA","rhythm":"4\/4;6\/8;","tempo":"Not Specified","genre":"Not Specified","soundlevel":"Not Specified","musicselectioncriteria":"NA","melody":"Not Specified","songlist":"NA","musicselection":"Pre-selected or Designed by researcher","msid":109},{"PMID":32181048,"musicalinstruments":"NA","rhythm":"Not Specified","tempo":"Not Specified","genre":"Not Specified","soundlevel":"Not Specified","musicselectioncriteria":"NA","melody":"Not Specified","songlist":"NA","musicselection":"Participant selected form own collection","msid":110},{"PMID":36031855,"musicalinstruments":"NA","rhythm":"Not Specified","tempo":"Not Specified","genre":"Not Specified","soundlevel":"Not Specified","musicselectioncriteria":"NA","melody":"Not Specified","songlist":"NA","musicselection":"Participant selected form limited set","msid":111},{"PMID":29570546,"musicalinstruments":"NA","rhythm":"Not Specified","tempo":"Not Specified","genre":"Not Specified","soundlevel":"Not Specified","musicselectioncriteria":"NA","melody":"Not Specified","songlist":"NA","musicselection":"3*","msid":112},{"PMID":35645134,"musicalinstruments":"NA","rhythm":"Not Specified","tempo":"Not Specified","genre":"relaxation music","soundlevel":"Not Specified","musicselectioncriteria":"NA","melody":"Not Specified","songlist":"NA","musicselection":"NA","msid":113},{"PMID":31184266,"musicalinstruments":"NA","rhythm":"Not Specified","tempo":"60~80","genre":"Not Specified","soundlevel":"Not Specified","musicselectioncriteria":"NA","melody":"Not Specified","songlist":"\u89c1\u539f\u6587","musicselection":"Pre-selected or Designed by researcher","msid":114},{"PMID":29454656,"musicalinstruments":"NA","rhythm":"Not Specified","tempo":"Not Specified","genre":"popular, classical and slow music or Turkish folk","soundlevel":"Not Specified","musicselectioncriteria":"NA","melody":"Not Specified","songlist":"NA","musicselection":"Participant selected form limited set","msid":115},{"PMID":21320217,"musicalinstruments":"NA","rhythm":"Not Specified","tempo":"60~72","genre":"pop;classical;sounds found in nature;sacred;","soundlevel":"Not Specified","musicselectioncriteria":"NA","melody":"Not Specified","songlist":"NA","musicselection":"Participant selected form limited set","msid":116},{"PMID":25078946,"musicalinstruments":"NA","rhythm":"Not Specified","tempo":"60~80","genre":"classical;country;nature sounds;","soundlevel":"60(Max)","musicselectioncriteria":" (a) slow and flowing music, (b) approximately 60 to 80 beats per minute, (c) is nonlyrical, (d) consists predominantly of low notes, (e) is comprised mostly of strings with minimal brass or percussion, and (f) has a maximum volume level at 60 decibels ","melody":"Not Specified","songlist":"NA","musicselection":"Pre-selected or Designed by researcher","msid":117},{"PMID":23493927,"musicalinstruments":"NA","rhythm":"Not Specified","tempo":"60~80","genre":"Not Specified","soundlevel":"Not Specified","musicselectioncriteria":"NA","melody":"Not Specified","songlist":"NA","musicselection":"Participant selected form limited set","msid":118},{"PMID":32405474,"musicalinstruments":"NA","rhythm":"Not Specified","tempo":"Not Specified","genre":"Folk;pop;Sufi;","soundlevel":"Not Specified","musicselectioncriteria":"NA","melody":"Not Specified","songlist":"NA","musicselection":"Participant selected form limited set","msid":119},{"PMID":34658886,"musicalinstruments":"NA","rhythm":"Not Specified","tempo":"Not Specified","genre":"Not Specified","soundlevel":"Not Specified","musicselectioncriteria":"NA","melody":"Not Specified","songlist":"NA","musicselection":"3*","msid":120},{"PMID":29167742,"musicalinstruments":"NA","rhythm":"Not Specified","tempo":"Not Specified","genre":"nature sound","soundlevel":"Not Specified","musicselectioncriteria":"NA","melody":"Not Specified","songlist":"Dr.-\u00a0\u201cSounds of Nature\u201d","musicselection":"Pre-selected or Designed by researcher","msid":121},{"PMID":17636513,"musicalinstruments":"NA","rhythm":"Not Specified","tempo":"Not Specified","genre":"classical, country, pop or dance music","soundlevel":"Not Specified","musicselectioncriteria":"NA","melody":"Not Specified","songlist":"NA","musicselection":"Pre-selected or Designed by researcher;Participant selected form limited set;","msid":122},{"PMID":32888828,"musicalinstruments":"NA","rhythm":"Not Specified","tempo":"Not Specified","genre":"non-verbal and relaxing songs from Kitar\u014d","soundlevel":"Not Specified","musicselectioncriteria":"NA","melody":"Not Specified","songlist":"NA","musicselection":"Pre-selected or Designed by researcher","msid":123},{"PMID":31523022,"musicalinstruments":"NA","rhythm":"Not Specified","tempo":"Not Specified","genre":"pop, arebesk, jazz, alaturka, classical, ethnic, MMP-3078","soundlevel":65,"musicselectioncriteria":"NA","melody":"Not Specified","songlist":"NA","musicselection":"Participant selected form limited set;Participant selected form own collection;*","msid":124},{"PMID":31955895,"musicalinstruments":"NA","rhythm":"Not Specified","tempo":"50~80","genre":"Not Specified","soundlevel":"Not Specified","musicselectioncriteria":"NA","melody":"Not Specified","songlist":"\u201cMusiCure Relaxation and Inspiration,\u201d","musicselection":"Pre-selected or Designed by researcher","msid":125},{"PMID":29253180,"musicalinstruments":"guitar,others(shakers, lollipop drums with mallets, thunder tube, child-sized ocean drum, wooden percussion frogs)","rhythm":"Not Specified","tempo":"Not Specified","genre":"Not Specified","soundlevel":"Not Specified","musicselectioncriteria":"NA","melody":"Not Specified","songlist":"NA","musicselection":"Others","msid":126},{"PMID":33549732,"musicalinstruments":"NA","rhythm":"Not Specified","tempo":"Not Specified","genre":"Not Specified","soundlevel":"60(Max)","musicselectioncriteria":"NA","melody":"Not Specified","songlist":"NA","musicselection":"Others","msid":127},{"PMID":29345398,"musicalinstruments":"NA","rhythm":"Not Specified","tempo":"Not Specified","genre":"Not Specified","soundlevel":"Not Specified","musicselectioncriteria":"NA","melody":"Not Specified","songlist":"NA","musicselection":"Participant selected form own collection","msid":128},{"PMID":12886915,"musicalinstruments":"NA","rhythm":"slow, flowing","tempo":"Not Specified","genre":"Not Specified","soundlevel":"Not Specified","musicselectioncriteria":"soft instrumental","melody":"Not Specified","songlist":"NA","musicselection":"Pre-selected or Designed by researcher","msid":129},{"PMID":12920428,"musicalinstruments":"NA","rhythm":"Not Specified","tempo":"Not Specified","genre":"lassical, jazz, rock, country western","soundlevel":"Not Specified","musicselectioncriteria":"NA","melody":"Not Specified","songlist":"NA","musicselection":"Participant selected form limited set","msid":130},{"PMID":24280479,"musicalinstruments":"NA","rhythm":"Not Specified","tempo":"Not Specified","genre":"Turkish classical music","soundlevel":"Not Specified","musicselectioncriteria":"NA","melody":"Not Specified","songlist":"NA","musicselection":"Pre-selected or Designed by researcher","msid":131},{"PMID":15816586,"musicalinstruments":"NA","rhythm":"soft and relaxing","tempo":"Not Specified","genre":"Not Specified","soundlevel":"Not Specified","musicselectioncriteria":"soft and relaxing","melody":"Not Specified","songlist":"NA","musicselection":"Pre-selected or Designed by researcher","msid":132},{"PMID":23953858,"musicalinstruments":"NA","rhythm":"Not Specified","tempo":"Not Specified","genre":"Not Specified","soundlevel":"Not Specified","musicselectioncriteria":"NA","melody":"Not Specified","songlist":"Henry Gorecki, Symphony Number 3, Slow Cantabile Semplice","musicselection":"1(\u786e\u5b9a\u66f2\u76ee)","msid":133},{"PMID":31320504,"musicalinstruments":"NA","rhythm":"no presence of lyrics or dramatic fluctuations in percussion","tempo":60,"genre":"relaxing music","soundlevel":"Not Specified","musicselectioncriteria":"NA","melody":"Not Specified","songlist":"Marconi Union\u2019s 'Weightless' series","musicselection":"Pre-selected or Designed by researcher","msid":134},{"PMID":24731896,"musicalinstruments":"NA","rhythm":"Not Specified","tempo":"Not Specified","genre":"classical, pop, religious, Korean pop, and relaxation music genres","soundlevel":"Not Specified","musicselectioncriteria":"Based on the literature regarding the effectiveness of music at reducing anxiety and surveys of patients who have undergone surgery, the music was selected and edited from two prominent Korean music por_x0002_tal websites.","melody":"Not Specified","songlist":"NA","musicselection":"Participant selected form limited set","msid":135},{"PMID":35682129,"musicalinstruments":"sansula, ocean disc and zaphir, xylophones, tone bars, egg-shakers, vibraslaps, cajons, bongos, a keyboard and a guitar","rhythm":"Not Specified","tempo":"Not Specified","genre":"Not Specified","soundlevel":"Not Specified","musicselectioncriteria":"NA","melody":"Not Specified","songlist":"NA","musicselection":"NA","msid":136},{"PMID":36862891,"musicalinstruments":"NA","rhythm":"Not Specified","tempo":"Not Specified","genre":"classical music","soundlevel":"Not Specified","musicselectioncriteria":"NA","melody":"Not Specified","songlist":"NA","musicselection":"Pre-selected or Designed by researcher","msid":137},{"PMID":35415565,"musicalinstruments":"NA","rhythm":"Not Specified","tempo":"Not Specified","genre":"Mozart Pandora","soundlevel":"Not Specified","musicselectioncriteria":"NA","melody":"Not Specified","songlist":"NA","musicselection":"Participant selected form limited set;Pre-selected or Designed by researcher;","msid":138},{"PMID":18298503,"musicalinstruments":"NA","rhythm":"Not Specified","tempo":"60~80","genre":"Not Specified","soundlevel":"Not Specified","musicselectioncriteria":"NA","melody":"Not Specified","songlist":"lullabies (e.g. Brahms\u2019 lullaby, Twinkle-Twinkle Little Star, Gradle song), classical music (e.g. Beethoven: for Elise, Debussy: Preludes I Livre VIII, La fille aux cheveux de lin and Kreisler: Liebesfreud), nature sounds (e.g. Another Day, Friendly Natives and Tropical Mystery) or crystal music performing Chinese children's rhymes and songs (e.g. Little Honey-Bee, Doll Country, Jasmine)","musicselection":"Pre-selected or Designed by researcher","msid":139},{"PMID":29471206,"musicalinstruments":"NA","rhythm":"Not Specified","tempo":"60~75","genre":"Not Specified","soundlevel":"65~70","musicselectioncriteria":"NA","melody":"Not Specified","songlist":"CD \u201cMusical Journey through Pregnancy\u201d by Gabriel F. Federico, relaxing and instrumental music (RIM), guitar, violin, flute and piano, high frequency and high sounds","musicselection":"Pre-selected or Designed by researcher","msid":140},{"PMID":24411681,"musicalinstruments":"NA","rhythm":"Not Specified","tempo":"Not Specified","genre":"classical music, light music, popular music, Turkish art music, Turkish folk music and Turkish sufi music.","soundlevel":"Not Specified","musicselectioncriteria":"NA","melody":"Not Specified","songlist":"NA","musicselection":"Participant selected form limited set","msid":141},{"PMID":16287051,"musicalinstruments":"NA","rhythm":"Not Specified","tempo":"Not Specified","genre":"Western classi_x0002_cal, new age, or Chinese religious music.","soundlevel":"Not Specified","musicselectioncriteria":"NA","melody":"Not Specified","songlist":"NA","musicselection":"Participant selected form limited set","msid":142},{"PMID":35150494,"musicalinstruments":"NA","rhythm":"Not Specified","tempo":"Not Specified","genre":"clasical;","soundlevel":"Not Specified","musicselectioncriteria":"NA","melody":"Not Specified","songlist":"NA","musicselection":"Pre-selected or Designed by researcher","msid":143},{"PMID":25227477,"musicalinstruments":"NA","rhythm":"Not Specified","tempo":"Not Specified","genre":"classical music, Turkish art music, Turkish folk music, Turkish classical music and popular music","soundlevel":"Not Specified","musicselectioncriteria":"NA","melody":"Not Specified","songlist":"NA","musicselection":"Participant selected form limited set","msid":144},{"PMID":26573448,"musicalinstruments":"NA","rhythm":"Not Specified","tempo":"Not Specified","genre":"piano or waves sound\u00a0","soundlevel":"Not Specified","musicselectioncriteria":"NA","melody":"Not Specified","songlist":"NA","musicselection":"Participant selected form limited set","msid":145},{"PMID":36589598,"musicalinstruments":"NA","rhythm":"Not Specified","tempo":"Not Specified","genre":"Not Specified","soundlevel":"Not Specified","musicselectioncriteria":"NA","melody":"Not Specified","songlist":"\u201cWeightless,\u201d by Macaroni Union","musicselection":"Pre-selected or Designed by researcher","msid":146},{"PMID":26458741,"musicalinstruments":"NA","rhythm":"Not Specified","tempo":"Not Specified","genre":"Turkish folk, classical, popular, or slow music","soundlevel":"Not Specified","musicselectioncriteria":"NA","melody":"Not Specified","songlist":"NA","musicselection":"2*","msid":147},{"PMID":26910438,"musicalinstruments":"NA","rhythm":"Not Specified","tempo":"Not Specified","genre":"classical Turkish music","soundlevel":"Not Specified","musicselectioncriteria":"NA","melody":"Not Specified","songlist":"NA","musicselection":"Pre-selected or Designed by researcher","msid":148},{"PMID":33412993,"musicalinstruments":"NA","rhythm":"Not Specified","tempo":"Not Specified","genre":"Not Specified","soundlevel":"Not Specified","musicselectioncriteria":"NA","melody":"Not Specified","songlist":"NA","musicselection":"Others","msid":149},{"PMID":22903909,"musicalinstruments":"xylophones, maracas, Indian bells, gato drums, djembe, tone bars, and cabassas, guitar and piano","rhythm":"Not Specified","tempo":"Not Specified","genre":"Not Specified","soundlevel":"Not Specified","musicselectioncriteria":"NA","melody":"Not Specified","songlist":"NA","musicselection":"NA","msid":150},{"PMID":26066780,"musicalinstruments":"NA","rhythm":"Not Specified","tempo":"Not Specified","genre":"Iranian classical music","soundlevel":"Not Specified","musicselectioncriteria":"NA","melody":"Not Specified","songlist":"Iranian classical music composed by well-known musicians","musicselection":"Pre-selected or Designed by researcher","msid":151},{"PMID":20663139,"musicalinstruments":"bells, drums, pentatonic tone bars, shakers, reed horns, and lyres","rhythm":"Not Specified","tempo":"Not Specified","genre":"Not Specified","soundlevel":"Not Specified","musicselectioncriteria":"NA","melody":"Not Specified","songlist":"NA","musicselection":"Pre-selected or Designed by researcher","msid":152},{"PMID":32859801,"musicalinstruments":"NA","rhythm":"Not Specified","tempo":"Not Specified","genre":"Not Specified","soundlevel":"Not Specified","musicselectioncriteria":"NA","melody":"Not Specified","songlist":"NA","musicselection":"1*","msid":153},{"PMID":34558534,"musicalinstruments":"NA","rhythm":"Not Specified","tempo":"Not Specified","genre":"Not Specified","soundlevel":"Not Specified","musicselectioncriteria":"NA","melody":"Not Specified","songlist":"NA","musicselection":"Pre-selected or Designed by researcher","msid":154},{"PMID":26543350,"musicalinstruments":"NA","rhythm":"Not Specified","tempo":60,"genre":"Not Specified","soundlevel":"Not Specified","musicselectioncriteria":"The RM used herein was a synergistic composition of relaxation-inducing music elements (harmonic music in heart rhythm of 60 bpm), subliminal binauricular beats, and instructions for breathing and relaxation as well as for visualization of different structures of the eye","melody":"Not Specified","songlist":"NA","musicselection":"Pre-selected or Designed by researcher","msid":155},{"PMID":25462517,"musicalinstruments":"NA","rhythm":"the same harmonic and rhythmic structure as \u2018\u2018Twinkle, Twinkle Little Star\u2019\u2019","tempo":"Not Specified","genre":"Not Specified","soundlevel":"Not Specified","musicselectioncriteria":"NA","melody":"Appendix B","songlist":"NA","musicselection":"Pre-selected or Designed by researcher","msid":156},{"PMID":35162514,"musicalinstruments":"sansula","rhythm":"Not Specified","tempo":"Not Specified","genre":"Not Specified","soundlevel":"Not Specified","musicselectioncriteria":"NA","melody":"Not Specified","songlist":"NA","musicselection":"Others","msid":157},{"PMID":36879223,"musicalinstruments":"piano and others","rhythm":"Motivating, Relaxing, and M\u2009+\u2009R","tempo":"Not Specified","genre":"pop without lyrics, traditional Korean music, and New Age","soundlevel":"Not Specified","musicselectioncriteria":"NA","melody":"Not Specified","songlist":"NA","musicselection":"Others","msid":158},{"PMID":29222834,"musicalinstruments":"triangle, tambourine, wooden fish, and African drums","rhythm":"Not Specified","tempo":"Not Specified","genre":"Not Specified","soundlevel":"Not Specified","musicselectioncriteria":"NA","melody":"Not Specified","songlist":"NA","musicselection":"NA","msid":159},{"PMID":26719801,"musicalinstruments":"Orff","rhythm":"\/4\/4","tempo":"Not Specified","genre":"Not Specified","soundlevel":"Not Specified","musicselectioncriteria":"NA","melody":"Not Specified","songlist":"NA","musicselection":"NA","msid":160},{"PMID":24980265,"musicalinstruments":"saxophone","rhythm":"relaxing, cheerful and lively pieces","tempo":"Not Specified","genre":"pop, classical, film scores, folk and jazz","soundlevel":"Not Specified","musicselectioncriteria":"NA","melody":"Not Specified","songlist":"NA","musicselection":"Participant selected form limited set","msid":161},{"PMID":31744526,"musicalinstruments":"piano","rhythm":"\/4\/4","tempo":"Not Specified","genre":"Not Specified","soundlevel":"Not Specified","musicselectioncriteria":"NA","melody":"Not Specified","songlist":"white noise;Mozart\u2019s Sonata for two pianos in D major (K.448);","musicselection":"Pre-selected or Designed by researcher","msid":162},{"PMID":33371722,"musicalinstruments":"NA","rhythm":"Not Specified","tempo":"Not Specified","genre":"classical, modern, pop, gospel, country, rap, rock, 80s, and alternative.","soundlevel":"Not Specified","musicselectioncriteria":"NA","melody":"Not Specified","songlist":"NA","musicselection":"Participant selected form limited set","msid":163},{"PMID":23218591,"musicalinstruments":"NA","rhythm":"slow-paced, soft, melodic","tempo":"60~80","genre":"old songs in Mandarin, Mandarin pop, traditional Taiwanese songs, Western music (country and western), and classical music (e.g., chamber music with string instruments).","soundlevel":"low volume","musicselectioncriteria":"NA","melody":"Not Specified","songlist":"NA","musicselection":"Participant selected form limited set","msid":164},{"PMID":28816136,"musicalinstruments":"guitar","rhythm":"Not Specified","tempo":"Not Specified","genre":"Not Specified","soundlevel":"Not Specified","musicselectioncriteria":"NA","melody":"Not Specified","songlist":"NA","musicselection":"5(\u7b97\u6cd5)","msid":165},{"PMID":21275334,"musicalinstruments":"NA","rhythm":"Not Specified","tempo":"Not Specified","genre":"Not Specified","soundlevel":"Not Specified","musicselectioncriteria":"NA","melody":"Not Specified","songlist":"NA","musicselection":"5(MTCD)","msid":166},{"PMID":34942921,"musicalinstruments":"NA","rhythm":"Not Specified","tempo":"Not Specified","genre":"Not Specified","soundlevel":"Not Specified","musicselectioncriteria":"NA","melody":"Not Specified","songlist":"NA","musicselection":"5(\u7b97\u6cd5)","msid":167},{"PMID":17037953,"musicalinstruments":"NA","rhythm":"relaxation or distraction","tempo":"Not Specified","genre":"Not Specified","soundlevel":"Not Specified","musicselectioncriteria":"NA","melody":"Not Specified","songlist":"NA","musicselection":"Tailored based on patient assessment","msid":168},{"PMID":31116262,"musicalinstruments":"NA","rhythm":"Not Specified","tempo":"Not Specified","genre":"Not Specified","soundlevel":"Not Specified","musicselectioncriteria":"NA","melody":"Not Specified","songlist":"NA","musicselection":"Pre-selected or Designed by researcher","msid":169},{"PMID":30448441,"musicalinstruments":"NA","rhythm":"Not Specified","tempo":"Not Specified","genre":"Not Specified","soundlevel":"Not Specified","musicselectioncriteria":"NA","melody":"Not Specified","songlist":"NA","musicselection":"2*(\u6587\u5316\u76f8\u5173)","msid":170},{"PMID":25029946,"musicalinstruments":"NA","rhythm":"Not Specified","tempo":"Not Specified","genre":"Not Specified","soundlevel":"satisfaction","musicselectioncriteria":"NA","melody":"Not Specified","songlist":"NA","musicselection":"Pre-selected or Designed by researcher","msid":171},{"PMID":20510947,"musicalinstruments":"NA","rhythm":"Not Specified","tempo":"70~80","genre":"Not Specified","soundlevel":"Not Specified","musicselectioncriteria":"NA","melody":"Not Specified","songlist":" \u201cCanon in D major\u201d - Johann Pachelbel;\u201cLove Story\u201d - Richard Clayderman;\u201cDance of the Iguana\u201d - Stevan Pasero.","musicselection":"Pre-selected or Designed by researcher","msid":172},{"PMID":36335480,"musicalinstruments":"NA","rhythm":"Not Specified","tempo":"Not Specified","genre":"Not Specified","soundlevel":"Not Specified","musicselectioncriteria":"For music therapy,\u00a0Pachelbel\u2019s Canon in D major\u00a0was played; it was selected after consultation with a licensed music expert who has been teaching a music training course for more than 13 years, together with a review of previous literature. Based on this consultation and review, we selected this\u00a0piece,\u00a0which was proven effective for improving stress levels, blood pressure, pulse, and body temperature","melody":"Not Specified","songlist":"Pachelbel\u2019s Canon in D major","musicselection":"Pre-selected or Designed by researcher","msid":173},{"PMID":15618849,"musicalinstruments":"NA","rhythm":"Not Specified","tempo":"Not Specified","genre":"classical","soundlevel":"Not Specified","musicselectioncriteria":"NA","melody":"Not Specified","songlist":"Bach\u2019s \u2018Aria de la Suite en RE\u2019 and \u2018Jesus joy of man\u2019s desiring\u2019; Grieg\u2019s \u2018Morning mood\u2019; Pachelbel\u2019s \u2018Canon\u2019; Mozart\u2019s \u2018Concert no. 21 for piano\u2019; Delibes\u2019 \u2018Flower duet\u2019; Satie\u2019s \u2018Gymnopedie\u2019; Faure\u00b4\u2019s \u2018In paradisum\u2019; Mendelssohn\u2019s \u2018Concert for violin\u2019; etc.","musicselection":"Pre-selected or Designed by researcher","msid":174},{"PMID":33370739,"musicalinstruments":"NA","rhythm":"Not Specified","tempo":"Not Specified","genre":"court music package, poet music package, religious music package and folk music package","soundlevel":"Not Specified","musicselectioncriteria":"NA","melody":"Not Specified","songlist":"\u201cSpring is coming,\u201d \u201cBeaming with joy,\u201d \u201cAh, no worries,\u201d and \u201cMaking progress,\u201d","musicselection":"Pre-selected or Designed by researcher","msid":175},{"PMID":21185725,"musicalinstruments":"NA","rhythm":"Not Specified","tempo":"Not Specified","genre":"Not Specified","soundlevel":"Not Specified","musicselectioncriteria":"NA","melody":"Not Specified","songlist":"NA","musicselection":"Others","msid":176},{"PMID":27437724,"musicalinstruments":"NA","rhythm":"Not Specified","tempo":"Not Specified","genre":"Not Specified","soundlevel":"Not Specified","musicselectioncriteria":"NA","melody":"Not Specified","songlist":"NA","musicselection":"Others","msid":177},{"PMID":35448025,"musicalinstruments":"NA","rhythm":"Not Specified","tempo":"Not Specified","genre":"Not Specified","soundlevel":"Not Specified","musicselectioncriteria":"NA","melody":"Not Specified","songlist":"\u201cOld French Song\u201d from \u201cChildren\u2019s Album\u201d","musicselection":"Others;","msid":178},{"PMID":10790249,"musicalinstruments":"NA","rhythm":"Not Specified","tempo":"Not Specified","genre":"low piano and orchestral music ","soundlevel":"Not Specified","musicselectioncriteria":"NA","melody":"Not Specified","songlist":"NA","musicselection":"Pre-selected or Designed by researcher","msid":179},{"PMID":33125399,"musicalinstruments":"marimba, vibes, glockenspiel and xylophone;drums, congas, bongos, multipercussion set and small percussion instruments;","rhythm":"Not Specified","tempo":"Not Specified","genre":"Not Specified","soundlevel":"Not Specified","musicselectioncriteria":"NA","melody":"Not Specified","songlist":"NA","musicselection":"Participant selected form own collection;Others;","msid":180},{"PMID":26183582,"musicalinstruments":"NA","rhythm":"Not Specified","tempo":"Not Specified","genre":"Not Specified","soundlevel":"Not Specified","musicselectioncriteria":"NA","melody":"Not Specified","songlist":"My Bonnie Lies over the Ocean","musicselection":"NA","msid":181},{"PMID":23298693,"musicalinstruments":"NA","rhythm":"Not Specified","tempo":"Not Specified","genre":"Not Specified","soundlevel":"Not Specified","musicselectioncriteria":"NA","melody":"Not Specified","songlist":"NA","musicselection":"Tailored based on patient assessment","msid":182},{"PMID":17997623,"musicalinstruments":"NA","rhythm":"Not Specified","tempo":"Not Specified","genre":"Not Specified","soundlevel":"Not Specified","musicselectioncriteria":"NA","melody":"Not Specified","songlist":"Nat King Cole and Elvis Prbsley","musicselection":"Pre-selected or Designed by researcher","msid":183},{"PMID":32428636,"musicalinstruments":"NA","rhythm":"Not Specified","tempo":"Not Specified","genre":"Greek old song","soundlevel":"Not Specified","musicselectioncriteria":"NA","melody":"Not Specified","songlist":"NA","musicselection":"Pre-selected or Designed by researcher","msid":184},{"PMID":23639952,"musicalinstruments":"NA","rhythm":"Not Specified","tempo":"Not Specified","genre":"Not Specified","soundlevel":"Not Specified","musicselectioncriteria":"NA","melody":"Not Specified","songlist":"NA","musicselection":"Tailored based on patient assessment","msid":185},{"PMID":35203894,"musicalinstruments":"NA","rhythm":"Not Specified","tempo":"Not Specified","genre":"Not Specified","soundlevel":"Not Specified","musicselectioncriteria":"NA","melody":"Not Specified","songlist":"NA","musicselection":"Pre-selected or Designed by researcher","msid":186},{"PMID":10990595,"musicalinstruments":"acoustic guitar;small African drum;","rhythm":"Not Specified","tempo":"Not Specified","genre":"Not Specified","soundlevel":"Not Specified","musicselectioncriteria":"NA","melody":"Not Specified","songlist":"NA","musicselection":"Tailored based on patient assessment","msid":187},{"PMID":26519453,"musicalinstruments":"Martin 6-string acoustic guitar, Yamaha keyboard, several types of rhythm instruments, colorful scarves, Remo djembe drums, ocean drums, and sheet music;hand bells, Basic beat egg shakers, tambourines, scarves, and ribbons;","rhythm":"Not Specified","tempo":"Not Specified","genre":"Not Specified","soundlevel":"Not Specified","musicselectioncriteria":"NA","melody":"Not Specified","songlist":"\u770b\u539f\u6587","musicselection":"Tailored based on patient assessment","msid":188},{"PMID":32849143,"musicalinstruments":"NA","rhythm":"Not Specified","tempo":"Not Specified","genre":"Not Specified","soundlevel":"Not Specified","musicselectioncriteria":"NA","melody":"Not Specified","songlist":"NA","musicselection":"Tailored based on patient assessment","msid":189},{"PMID":31346625,"musicalinstruments":"one guitar, a basket with a variety of small percussion instruments, one\u00a0Easycussion\u00a0pentatonic xylophone","rhythm":"Not Specified","tempo":"Not Specified","genre":"Not Specified","soundlevel":"Not Specified","musicselectioncriteria":"NA","melody":"Not Specified","songlist":"\u201cIn My Merry Oldsmobile,\u201d \u201cLeaving on a Jet Plane,\u201d or \u201cI\u2019ve Been Working on the Railroad.\u201d\u00a0","musicselection":"NA","msid":190},{"PMID":32432550,"musicalinstruments":"NA","rhythm":"Not Specified","tempo":"Not Specified","genre":"Not Specified","soundlevel":"Not Specified","musicselectioncriteria":"NA","melody":"Not Specified","songlist":"NA","musicselection":"Participant selected form limited set","msid":191},{"PMID":23857075,"musicalinstruments":"NA","rhythm":"Not Specified","tempo":"Not Specified","genre":"Not Specified","soundlevel":"Not Specified","musicselectioncriteria":"NA","melody":"Not Specified","songlist":"The Planets Op. 32 Jupiter, Storms in Africa, Disco Beat, and Sunny Days","musicselection":"Pre-selected or Designed by researcher","msid":192},{"PMID":31671873,"musicalinstruments":"NA","rhythm":"Not Specified","tempo":"Not Specified","genre":"Not Specified","soundlevel":"Not Specified","musicselectioncriteria":"NA","melody":"Not Specified","songlist":"Beethoven\u2019s\u00a0Moonlight Sonata","musicselection":"Pre-selected or Designed by researcher","msid":193},{"PMID":17878794,"musicalinstruments":"NA","rhythm":"Not Specified","tempo":"Not Specified","genre":"soft lullaby music","soundlevel":"Not Specified","musicselectioncriteria":"soft lullaby music","melody":"Not Specified","songlist":"NA","musicselection":"Pre-selected or Designed by researcher","msid":194},{"PMID":11604980,"musicalinstruments":"NA","rhythm":"Not Specified","tempo":"Not Specified","genre":"Chinese music (Chinese folk song, music played by Chinese instrument, Chinese music played by Western instrument, Buddhist music) and Western music (Western classic, Western movie music, and piano music).","soundlevel":"Not Specified","musicselectioncriteria":"NA","melody":"Not Specified","songlist":"NA","musicselection":"Participant selected form limited set","msid":195},{"PMID":35210504,"musicalinstruments":"NA","rhythm":"Not Specified","tempo":"Not Specified","genre":"classical music of the Western tradition, pop, rock, new age, soundtrack, light jazz CG","soundlevel":"Not Specified","musicselectioncriteria":"NA","melody":"Not Specified","songlist":"NA","musicselection":"Others","msid":196},{"PMID":37007281,"musicalinstruments":"piano, percussion instruments, melodic instruments, and diffuse instruments","rhythm":"Not Specified","tempo":"Not Specified","genre":"Not Specified","soundlevel":"Not Specified","musicselectioncriteria":"NA","melody":"Not Specified","songlist":"NA","musicselection":"NA","msid":197},{"PMID":18564958,"musicalinstruments":"piano, egg shake, drum, ocean drum, hand-bells, and paddle drum","rhythm":"Not Specified","tempo":"Not Specified","genre":"Not Specified","soundlevel":"Not Specified","musicselectioncriteria":"NA","melody":"Not Specified","songlist":"\u201cMeeting\u201d ;\u201cYou can do\u201d;\u201cMy hopes\u201d ;","musicselection":"Pre-selected or Designed by researcher","msid":198},{"PMID":26424362,"musicalinstruments":"NA","rhythm":"Not Specified","tempo":"Not Specified","genre":"the Romantic symphonic music repertoire.","soundlevel":"Not Specified","musicselectioncriteria":"the Romantic symphonic music repertoire.","melody":"Not Specified","songlist":"NA","musicselection":"Pre-selected or Designed by researcher","msid":199},{"PMID":33818166,"musicalinstruments":"NA","rhythm":"Not Specified","tempo":"Not Specified","genre":"Not Specified","soundlevel":"Not Specified","musicselectioncriteria":"NA","melody":"Not Specified","songlist":"NA","musicselection":"Pre-selected or Designed by researcher;Participant selected form limited set;*","msid":200},{"PMID":33396496,"musicalinstruments":"NA","rhythm":"Not Specified","tempo":"Not Specified","genre":"Not Specified","soundlevel":"Not Specified","musicselectioncriteria":"NA","melody":"Not Specified","songlist":"NA","musicselection":"Others","msid":201},{"PMID":36247036,"musicalinstruments":"NA","rhythm":"Not Specified","tempo":"60~80","genre":"Not Specified","soundlevel":"Not Specified","musicselectioncriteria":"NA","melody":"Not Specified","songlist":"NA","musicselection":"Pre-selected or Designed by researcher","msid":202},{"PMID":27592520,"musicalinstruments":"NA","rhythm":"Not Specified","tempo":"Not Specified","genre":"Turkish Traditional Music;Turkish Sufi Music;","soundlevel":"Not Specified","musicselectioncriteria":"NA","melody":"Not Specified","songlist":"NA","musicselection":"Pre-selected or Designed by researcher","msid":203},{"PMID":25146063,"musicalinstruments":"NA","rhythm":"Not Specified","tempo":"Not Specified","genre":"Jazz;Classical;Modern;","soundlevel":"Not Specified","musicselectioncriteria":"NA","melody":"Not Specified","songlist":"NA","musicselection":"Pre-selected or Designed by researcher","msid":204},{"PMID":21474494,"musicalinstruments":"a mallet instrument (a digital mallet midi-controller), a percussion instrument (a digital midi-percussion), and an acoustic djembe drum","rhythm":"Not Specified","tempo":"Not Specified","genre":"Not Specified","soundlevel":"Not Specified","musicselectioncriteria":"NA","melody":"Not Specified","songlist":"NA","musicselection":"NA","msid":205},{"PMID":33251538,"musicalinstruments":"NA","rhythm":"Not Specified","tempo":"Not Specified","genre":"pop, rock, country, alternative, and oldies","soundlevel":"Not Specified","musicselectioncriteria":"NA","melody":"Not Specified","songlist":"NA","musicselection":"Others","msid":206},{"PMID":23375348,"musicalinstruments":"NA","rhythm":"Not Specified","tempo":"60~66","genre":"Turkish Classical MusiC","soundlevel":"Not Specified","musicselectioncriteria":"NA","melody":"Not Specified","songlist":"NA","musicselection":"Pre-selected or Designed by researcher","msid":207},{"PMID":32997813,"musicalinstruments":"NA","rhythm":"Not Specified","tempo":"Not Specified","genre":"classic, new age, pop, and rock ","soundlevel":"40~60","musicselectioncriteria":"NA","melody":"Not Specified","songlist":"NA","musicselection":"Participant selected form own collection","msid":208},{"PMID":21385249,"musicalinstruments":"NA","rhythm":"Not Specified","tempo":"Not Specified","genre":"light music","soundlevel":"55~70","musicselectioncriteria":"NA","melody":"Not Specified","songlist":"Ambient Moods-Whale Song","musicselection":"Pre-selected or Designed by researcher","msid":209},{"PMID":33664158,"musicalinstruments":"NA","rhythm":"Not Specified","tempo":"Not Specified","genre":"Not Specified","soundlevel":"Not Specified","musicselectioncriteria":"NA","melody":"Not Specified","songlist":"NA","musicselection":"Others","msid":210},{"PMID":26093514,"musicalinstruments":"NA","rhythm":"Not Specified","tempo":"Not Specified","genre":"Not Specified","soundlevel":"Not Specified","musicselectioncriteria":"Mozart's composition","melody":"Not Specified","songlist":"symphony no. 41, k551; piano concerto no. 22, k482; violin concerto no. 1, k207; violin concerto no. 4 in D major, K218, allegro aperto; sym_x0002_phony no. 46 in C major, kv96, allegro; flute concerto in D major K314, allegro aperto","musicselection":"Pre-selected or Designed by researcher","msid":211},{"PMID":26056862,"musicalinstruments":"NA","rhythm":"Not Specified","tempo":"Not Specified","genre":"Not Specified","soundlevel":"Not Specified","musicselectioncriteria":"NA","melody":"Not Specified","songlist":"NA","musicselection":"Others","msid":212}]