[{"mbiid":1,"interventiontype":["Specialized Music Therapy Techniques"],"combinedwith":["Not Combined"],"fundamentaltherapy":["NA"],"interventionsetting":["In-Home Settings"]},{"mbiid":2,"interventiontype":["Listening to Music","Music Training","Other Methods"],"combinedwith":["Not Combined"],"fundamentaltherapy":["NA"],"interventionsetting":["Other Venues"]},{"mbiid":3,"interventiontype":["Singing","Listening to Music"],"combinedwith":["Not Combined"],"fundamentaltherapy":["NA"],"interventionsetting":["Hospitals"]},{"mbiid":4,"interventiontype":["Multimodal Combination"],"combinedwith":["Not Combined"],"fundamentaltherapy":["NA"],"interventionsetting":["Nursing Homes","Hospitals"]},{"mbiid":5,"interventiontype":["Listening to Music"],"combinedwith":["Medication Therapy"],"fundamentaltherapy":["NA"],"interventionsetting":["Nursing Homes"]},{"mbiid":6,"interventiontype":["N"],"combinedwith":["NA"],"fundamentaltherapy":["NA"],"interventionsetting":["NA"]},{"mbiid":7,"interventiontype":["Multimodal Combination"],"combinedwith":["Not Combined"],"fundamentaltherapy":["NA"],"interventionsetting":["Clinics","Nursing Homes"]},{"mbiid":8,"interventiontype":["Listening to Music"],"combinedwith":["Not Combined"],"fundamentaltherapy":["NA"],"interventionsetting":["Other Venues"]},{"mbiid":9,"interventiontype":["Multimodal Combination","Other Methods"],"combinedwith":["Not Combined"],"fundamentaltherapy":["NA"],"interventionsetting":["NA"]},{"mbiid":10,"interventiontype":["Singing","Specialized Music Therapy Techniques"],"combinedwith":["Medication Therapy"],"fundamentaltherapy":["NA"],"interventionsetting":["Hospitals"]},{"mbiid":11,"interventiontype":["Specialized Music Therapy Techniques"],"combinedwith":["Not Combined"],"fundamentaltherapy":["NA"],"interventionsetting":["Hospitals"]},{"mbiid":12,"interventiontype":["NA"],"combinedwith":["Rehabilitation Therapy"],"fundamentaltherapy":["Standard of Care"],"interventionsetting":["Hospitals"]},{"mbiid":13,"interventiontype":["Instrument Playing*"],"combinedwith":["Medication Therapy","Rehabilitation Therapy"],"fundamentaltherapy":["Standard of Care"],"interventionsetting":["Hospitals"]},{"mbiid":14,"interventiontype":["Music Training","Instrument Playing"],"combinedwith":["Other Therapy"],"fundamentaltherapy":["individual physiotherapy, individual occupational therapy, and other motor therapies"],"interventionsetting":["Other Venues"]},{"mbiid":15,"interventiontype":["Specialized Music Therapy Techniques"],"combinedwith":["Other Therapy"],"fundamentaltherapy":["treadmill training"],"interventionsetting":["Rehabilitation Centers"]},{"mbiid":16,"interventiontype":["Specialized Music Therapy Techniques"],"combinedwith":["Other Therapy"],"fundamentaltherapy":["NA"],"interventionsetting":["In-Home Settings"]},{"mbiid":17,"interventiontype":["Singing","Music Training","Other Methods"],"combinedwith":["Other Therapy"],"fundamentaltherapy":["language-oriented treatment"],"interventionsetting":["Hospitals"]},{"mbiid":18,"interventiontype":["Improvisation"],"combinedwith":["Other Therapy"],"fundamentaltherapy":["speech language therapy (SLT)"],"interventionsetting":["Rehabilitation Centers"]},{"mbiid":19,"interventiontype":["Specialized Music Therapy Techniques"],"combinedwith":["Rehabilitation Therapy"],"fundamentaltherapy":["NA"],"interventionsetting":["NA"]},{"mbiid":20,"interventiontype":["N"],"combinedwith":["NA"],"fundamentaltherapy":["NA"],"interventionsetting":["NA"]},{"mbiid":21,"interventiontype":["NA"],"combinedwith":["Not Combined"],"fundamentaltherapy":["NA"],"interventionsetting":["NA"]},{"mbiid":22,"interventiontype":["NA"],"combinedwith":["Not Combined"],"fundamentaltherapy":["NA"],"interventionsetting":["NA"]},{"mbiid":23,"interventiontype":["N"],"combinedwith":["NA"],"fundamentaltherapy":["NA"],"interventionsetting":["NA"]},{"mbiid":24,"interventiontype":["Singing","Instrument Playing"],"combinedwith":["Not Combined"],"fundamentaltherapy":["NA"],"interventionsetting":["NA"]},{"mbiid":25,"interventiontype":["Singing","Other Methods"],"combinedwith":["Not Combined"],"fundamentaltherapy":["NA"],"interventionsetting":["Hospitals"]},{"mbiid":26,"interventiontype":["Specialized Music Therapy Techniques"],"combinedwith":["Not Combined"],"fundamentaltherapy":["Other Therapy"],"interventionsetting":["Hospitals"]},{"mbiid":27,"interventiontype":["Music Training","Instrument Playing"],"combinedwith":["Not Combined"],"fundamentaltherapy":["NA"],"interventionsetting":["Hospitals"]},{"mbiid":28,"interventiontype":["Specialized Music Therapy Techniques","Other Methods"],"combinedwith":["Medication Therapy","Rehabilitation Therapy","Other Therapy"],"fundamentaltherapy":["50 mg\/d of clopidogrel or 100 mg\/d of aspirin tablets"],"interventionsetting":["Hospitals"]},{"mbiid":29,"interventiontype":["Listening to Music"],"combinedwith":["Rehabilitation Therapy"],"fundamentaltherapy":["NA"],"interventionsetting":["Other Venues"]},{"mbiid":30,"interventiontype":["Singing","Music Making","Improvisation","Instrument Playing"],"combinedwith":["Not Combined"],"fundamentaltherapy":["NA"],"interventionsetting":["Other Venues"]},{"mbiid":31,"interventiontype":["Multimodal Combination"],"combinedwith":["Medication Therapy"],"fundamentaltherapy":["NA"],"interventionsetting":["Outpatient Facilities"]},{"mbiid":32,"interventiontype":["Music Training","Other Methods"],"combinedwith":["Not Combined"],"fundamentaltherapy":["NA"],"interventionsetting":["Other Venues"]},{"mbiid":33,"interventiontype":["N"],"combinedwith":["NA"],"fundamentaltherapy":["NA"],"interventionsetting":["NA"]},{"mbiid":34,"interventiontype":["Listening to Music","Specialized Music Therapy Techniques","Other Methods"],"combinedwith":["Not Combined"],"fundamentaltherapy":["NA"],"interventionsetting":["Clinics"]},{"mbiid":35,"interventiontype":["Singing","Music Training","Other Methods"],"combinedwith":["Not Combined"],"fundamentaltherapy":["NA"],"interventionsetting":["Other Venues"]},{"mbiid":36,"interventiontype":["Improvisation","Other Methods"],"combinedwith":["1*"],"fundamentaltherapy":["NA"],"interventionsetting":["Other Venues","In-Home Settings"]},{"mbiid":37,"interventiontype":["Specialized Music Therapy Techniques"],"combinedwith":["Not Combined"],"fundamentaltherapy":["NA"],"interventionsetting":["NA"]},{"mbiid":38,"interventiontype":["Multimodal Combination"],"combinedwith":["Not Combined"],"fundamentaltherapy":["NA"],"interventionsetting":["Other Venues"]},{"mbiid":39,"interventiontype":["N"],"combinedwith":["NA"],"fundamentaltherapy":["NA"],"interventionsetting":["NA"]},{"mbiid":40,"interventiontype":["Dancing\/Movement","Instrument Playing","Music Training","Other Methods"],"combinedwith":["Not Combined"],"fundamentaltherapy":["NA"],"interventionsetting":["Clinics"]},{"mbiid":41,"interventiontype":["Improvisation"],"combinedwith":["Not Combined"],"fundamentaltherapy":["NA"],"interventionsetting":["Hospitals"]},{"mbiid":42,"interventiontype":["Music Training","Other Methods"],"combinedwith":["Other Therapy"],"fundamentaltherapy":["*"],"interventionsetting":["Other Venues"]},{"mbiid":43,"interventiontype":["N"],"combinedwith":["NA"],"fundamentaltherapy":["NA"],"interventionsetting":["NA"]},{"mbiid":44,"interventiontype":["Listening to Music","Singing"],"combinedwith":["Not Combined"],"fundamentaltherapy":["NA\t"],"interventionsetting":["Other Venues"]},{"mbiid":45,"interventiontype":["Listening to Music(live)"],"combinedwith":["Chemotherapy"],"fundamentaltherapy":["Chemotherapy"],"interventionsetting":["Hospitals"]},{"mbiid":46,"interventiontype":["N"],"combinedwith":["NA"],"fundamentaltherapy":["NA"],"interventionsetting":["NA"]},{"mbiid":47,"interventiontype":["N"],"combinedwith":["NA"],"fundamentaltherapy":["NA"],"interventionsetting":["NA"]},{"mbiid":48,"interventiontype":["N"],"combinedwith":["NA"],"fundamentaltherapy":["NA"],"interventionsetting":["NA"]},{"mbiid":49,"interventiontype":["Listening to Music"],"combinedwith":["Surgical Therapy"],"fundamentaltherapy":["radical mastectomy (containing extensive radical mastectomy and modified radical mastectomy)"],"interventionsetting":["Hospitals"]},{"mbiid":50,"interventiontype":["Multimodal Combination","Other Methods"],"combinedwith":["Chemotherapy"],"fundamentaltherapy":["etoposide combination therapy with either cisplatin or carboplatin "],"interventionsetting":["Hospitals"]},{"mbiid":51,"interventiontype":["Listening to Music"],"combinedwith":["Medication Therapy","Surgical Therapy"],"fundamentaltherapy":["Mastectomy"],"interventionsetting":["Hospitals"]},{"mbiid":52,"interventiontype":["Listening to Music"],"combinedwith":["Medication Therapy","Surgical Therapy"],"fundamentaltherapy":["radical mastectomy"],"interventionsetting":["Hospitals"]},{"mbiid":53,"interventiontype":["N"],"combinedwith":["NA"],"fundamentaltherapy":["NA"],"interventionsetting":["NA"]},{"mbiid":54,"interventiontype":["N"],"combinedwith":["NA"],"fundamentaltherapy":["NA"],"interventionsetting":["NA"]},{"mbiid":55,"interventiontype":["N"],"combinedwith":["NA"],"fundamentaltherapy":["NA"],"interventionsetting":["NA"]},{"mbiid":56,"interventiontype":["Listening to Music"],"combinedwith":["Other Therapy"],"fundamentaltherapy":["Lumbar puncture"],"interventionsetting":["Hospitals"]},{"mbiid":57,"interventiontype":["Listening to Music"],"combinedwith":["Medication Therapy","Surgical Therapy"],"fundamentaltherapy":["lung cancer resection"],"interventionsetting":["Hospitals"]},{"mbiid":58,"interventiontype":["Listening to Music"],"combinedwith":["Surgical Therapy","Other Therapy"],"fundamentaltherapy":["radical mastectomy"],"interventionsetting":["Hospitals"]},{"mbiid":59,"interventiontype":["Listening to Music"],"combinedwith":["Surgical Therapy","11"],"fundamentaltherapy":["radical mastectomy"],"interventionsetting":["Hospitals"]},{"mbiid":60,"interventiontype":["Multimodal Combination"],"combinedwith":["Not Combined"],"fundamentaltherapy":["NA"],"interventionsetting":["Hospitals"]},{"mbiid":61,"interventiontype":["Listening to Music"],"combinedwith":["Not Combined"],"fundamentaltherapy":["NA"],"interventionsetting":["Other Venues"]},{"mbiid":62,"interventiontype":["Listening to Music"],"combinedwith":["Medication Therapy"],"fundamentaltherapy":["Ginkgo biloba"],"interventionsetting":["Hospitals"]},{"mbiid":63,"interventiontype":["Specialized Music Therapy Techniques"],"combinedwith":["Not Combined"],"fundamentaltherapy":["NA"],"interventionsetting":["Hospitals"]},{"mbiid":64,"interventiontype":["Specialized Music Therapy Techniques"],"combinedwith":["Not Combined"],"fundamentaltherapy":["NA"],"interventionsetting":["Other Venues"]},{"mbiid":65,"interventiontype":["Listening to Music","Specialized Music Therapy Techniques"],"combinedwith":["Not Combined"],"fundamentaltherapy":["NA"],"interventionsetting":["Hospitals"]},{"mbiid":66,"interventiontype":["Listening to Music"],"combinedwith":["Not Combined"],"fundamentaltherapy":["NA"],"interventionsetting":["Hospitals"]},{"mbiid":67,"interventiontype":["Listening to Music(live)*"],"combinedwith":["Not Combined"],"fundamentaltherapy":["NA"],"interventionsetting":["Hospitals"]},{"mbiid":68,"interventiontype":["Listening to Music"],"combinedwith":["Not Combined"],"fundamentaltherapy":["NA"],"interventionsetting":["Hospitals"]},{"mbiid":69,"interventiontype":["Listening to Music"],"combinedwith":["Surgical Therapy"],"fundamentaltherapy":["open heart surgery"],"interventionsetting":["Hospitals"]},{"mbiid":70,"interventiontype":["Listening to Music"],"combinedwith":["Not Combined"],"fundamentaltherapy":["NA"],"interventionsetting":["Hospitals"]},{"mbiid":71,"interventiontype":["Listening to Music(live)*"],"combinedwith":["Physical Therapy"],"fundamentaltherapy":["mechanical ventilation"],"interventionsetting":["NA"]},{"mbiid":72,"interventiontype":["Listening to Music"],"combinedwith":["Medication Therapy","Physical Therapy"],"fundamentaltherapy":["mechanical ventilation"],"interventionsetting":["Hospitals"]},{"mbiid":73,"interventiontype":["Listening to Music"],"combinedwith":["Medication Therapy","Physical Therapy"],"fundamentaltherapy":["mechanical ventilation"],"interventionsetting":["Hospitals"]},{"mbiid":74,"interventiontype":["Listening to Music"],"combinedwith":["Physical Therapy"],"fundamentaltherapy":["mechanical ventilation"],"interventionsetting":["Hospitals"]},{"mbiid":75,"interventiontype":["Listening to Music"],"combinedwith":["Physical Therapy"],"fundamentaltherapy":["mechanical ventilation"],"interventionsetting":["Hospitals"]},{"mbiid":76,"interventiontype":["Improvisation","Other Methods"],"combinedwith":["Rehabilitation Therapy"],"fundamentaltherapy":["Stand Care"],"interventionsetting":["Hospitals"]},{"mbiid":77,"interventiontype":["N"],"combinedwith":["NA"],"fundamentaltherapy":["NA"],"interventionsetting":["NA"]},{"mbiid":78,"interventiontype":["Listening to Music","Other Methods"],"combinedwith":["Other Therapy"],"fundamentaltherapy":["Relaxation Exercise"],"interventionsetting":["Other Venues"]},{"mbiid":79,"interventiontype":["Multimodal Combination"],"combinedwith":["Medication Therapy","Rehabilitation Therapy"],"fundamentaltherapy":["Satand Care"],"interventionsetting":["Hospitals"]},{"mbiid":80,"interventiontype":["N"],"combinedwith":["NA"],"fundamentaltherapy":["NA"],"interventionsetting":["NA"]},{"mbiid":81,"interventiontype":["N"],"combinedwith":["NA"],"fundamentaltherapy":["NA"],"interventionsetting":["NA"]},{"mbiid":82,"interventiontype":["Music Training"],"combinedwith":["Rehabilitation Therapy"],"fundamentaltherapy":["consisted of conditioning","respiratory muscle training","strength training","endurance training"],"interventionsetting":["Hospitals"]},{"mbiid":83,"interventiontype":["N"],"combinedwith":["NA"],"fundamentaltherapy":["NA"],"interventionsetting":["NA"]},{"mbiid":84,"interventiontype":["Instrument Playing"],"combinedwith":["Not Combined"],"fundamentaltherapy":["NA"],"interventionsetting":["NA"]},{"mbiid":85,"interventiontype":["Singing","Instrument Playing","Other Methods"],"combinedwith":["Rehabilitation Therapy"],"fundamentaltherapy":["Standard pulmonary rehabilitative medical care"],"interventionsetting":["NA"]},{"mbiid":86,"interventiontype":["Specialized Music Therapy Techniques"],"combinedwith":["Not Combined"],"fundamentaltherapy":["NA"],"interventionsetting":["Hospitals"]},{"mbiid":87,"interventiontype":["Listening to Music"],"combinedwith":["Not Combined"],"fundamentaltherapy":["NA"],"interventionsetting":["Hospitals"]},{"mbiid":88,"interventiontype":["Music Making","Instrument Playing","Music Training"],"combinedwith":["Not Combined"],"fundamentaltherapy":["NA"],"interventionsetting":["Hospitals"]},{"mbiid":89,"interventiontype":["N"],"combinedwith":["NA"],"fundamentaltherapy":["NA"],"interventionsetting":["NA"]},{"mbiid":90,"interventiontype":["Listening to Music"],"combinedwith":["Rehabilitation Therapy","Other Therapy"],"fundamentaltherapy":["Standard Care"],"interventionsetting":["Other Venues"]},{"mbiid":91,"interventiontype":["Listening to Music","Instrument Playing"],"combinedwith":["Not Combined"],"fundamentaltherapy":["NA"],"interventionsetting":["Other Venues"]},{"mbiid":92,"interventiontype":["Specialized Music Therapy Techniques"],"combinedwith":["Rehabilitation Therapy"],"fundamentaltherapy":["muscle relaxation"],"interventionsetting":["NA"]},{"mbiid":93,"interventiontype":["N"],"combinedwith":["NA"],"fundamentaltherapy":["NA"],"interventionsetting":["NA"]},{"mbiid":94,"interventiontype":["Listening to Music"],"combinedwith":["Medication Therapy"],"fundamentaltherapy":["anti-HT medication"],"interventionsetting":["Hospitals"]},{"mbiid":95,"interventiontype":["N"],"combinedwith":["NA"],"fundamentaltherapy":["NA"],"interventionsetting":["NA"]},{"mbiid":96,"interventiontype":["Listening to Music"],"combinedwith":["Rehabilitation Therapy"],"fundamentaltherapy":["hemodialysis treatments"],"interventionsetting":["Hospitals"]},{"mbiid":97,"interventiontype":["Listening to Music"],"combinedwith":["Rehabilitation Therapy"],"fundamentaltherapy":["hemodialysis treatments"],"interventionsetting":["Hospitals"]},{"mbiid":98,"interventiontype":["Multimodal Combination"],"combinedwith":["Rehabilitation Therapy"],"fundamentaltherapy":["hemodialysis treatments"],"interventionsetting":["Hospitals"]},{"mbiid":99,"interventiontype":["Listening to Music"],"combinedwith":["Surgical Therapy"],"fundamentaltherapy":["vascular access surgery"],"interventionsetting":["Hospitals"]},{"mbiid":100,"interventiontype":["N"],"combinedwith":["Rehabilitation Therapy"],"fundamentaltherapy":["hemodialysis treatments"],"interventionsetting":["NA"]},{"mbiid":101,"interventiontype":["Multimodal Combination"],"combinedwith":["Chemotherapy"],"fundamentaltherapy":["high dose chemotherapy (HDC)"],"interventionsetting":["Hospitals"]},{"mbiid":102,"interventiontype":["Listening to Music"],"combinedwith":["Medication Therapy","Chemotherapy","Other Therapy"],"fundamentaltherapy":["periorbital massage"],"interventionsetting":["Hospitals"]},{"mbiid":103,"interventiontype":["nan"],"combinedwith":["Not Combined"],"fundamentaltherapy":["NA"],"interventionsetting":["Hospitals"]},{"mbiid":104,"interventiontype":["Improvisation"],"combinedwith":["Chemotherapy"],"fundamentaltherapy":["NA"],"interventionsetting":["Hospitals"]},{"mbiid":105,"interventiontype":["Listening to Music","Other Methods"],"combinedwith":["Chemotherapy"],"fundamentaltherapy":["NA"],"interventionsetting":["Hospitals"]},{"mbiid":106,"interventiontype":["N"],"combinedwith":["NA"],"fundamentaltherapy":["NA"],"interventionsetting":["NA"]},{"mbiid":107,"interventiontype":["Listening to Music"],"combinedwith":["Not Combined"],"fundamentaltherapy":["NA"],"interventionsetting":["Other Venues"]},{"mbiid":108,"interventiontype":["N"],"combinedwith":["NA"],"fundamentaltherapy":["NA"],"interventionsetting":["NA"]},{"mbiid":109,"interventiontype":["Listening to Music"],"combinedwith":["Not Combined"],"fundamentaltherapy":["NA"],"interventionsetting":["Other Venues"]},{"mbiid":110,"interventiontype":["Listening to Music"],"combinedwith":["Other Therapy"],"fundamentaltherapy":["low-impact aerobic exercise"],"interventionsetting":["Other Venues"]},{"mbiid":111,"interventiontype":["Listening to Music"],"combinedwith":["Not Combined"],"fundamentaltherapy":["NA"],"interventionsetting":["Hospitals","Clinics"]},{"mbiid":112,"interventiontype":["Listening to Music"],"combinedwith":["Not Combined"],"fundamentaltherapy":["NA"],"interventionsetting":["Hospitals"]},{"mbiid":113,"interventiontype":["Listening to Music"],"combinedwith":["Procedure"],"fundamentaltherapy":["colonoscop"],"interventionsetting":["Clinics"]},{"mbiid":114,"interventiontype":["Listening to Music"],"combinedwith":["Procedure"],"fundamentaltherapy":["colonoscop"],"interventionsetting":["Other Venues"]},{"mbiid":115,"interventiontype":["Listening to Music"],"combinedwith":["Procedure"],"fundamentaltherapy":["colonoscop"],"interventionsetting":["Hospitals"]},{"mbiid":116,"interventiontype":["Listening to Music"],"combinedwith":["Standard of Care"],"fundamentaltherapy":["Standard Care"],"interventionsetting":["Hospitals"]},{"mbiid":117,"interventiontype":["Listening to Music"],"combinedwith":["Surgical Therapy"],"fundamentaltherapy":["cardiac catheterization(CC) procedure"],"interventionsetting":["Hospitals"]},{"mbiid":118,"interventiontype":["Listening to Music"],"combinedwith":["Surgical Therapy"],"fundamentaltherapy":["cardiac catheterization(CC) procedure"],"interventionsetting":["Hospitals"]},{"mbiid":119,"interventiontype":["Listening to Music"],"combinedwith":["Rehabilitation Therapy","Other Therapy"],"fundamentaltherapy":["NA"],"interventionsetting":["Hospitals"]},{"mbiid":120,"interventiontype":["Listening to Music"],"combinedwith":["Surgical Therapy"],"fundamentaltherapy":["cardiac catheterization(CC) procedure"],"interventionsetting":["Hospitals"]},{"mbiid":121,"interventiontype":["Listening to Music"],"combinedwith":["Surgical Therapy"],"fundamentaltherapy":["Cardiac implantable electronic device (CIED) lead extractions"],"interventionsetting":["Hospitals"]},{"mbiid":122,"interventiontype":["Listening to Music"],"combinedwith":["Surgical Therapy"],"fundamentaltherapy":["invasive cardiac catheterization (ICC) "],"interventionsetting":["Hospitals"]},{"mbiid":123,"interventiontype":["Multimodal Combination"],"combinedwith":["Rehabilitation Therapy"],"fundamentaltherapy":["Standard Care"],"interventionsetting":["Other Venues"]},{"mbiid":124,"interventiontype":["Listening to Music"],"combinedwith":["Surgical Therapy"],"fundamentaltherapy":["Percutaneous device closure"],"interventionsetting":["Hospitals"]},{"mbiid":125,"interventiontype":["Listening to Music"],"combinedwith":["Surgical Therapy"],"fundamentaltherapy":["elective heart valve replacement surgical procedure"],"interventionsetting":["Hospitals"]},{"mbiid":126,"interventiontype":["Listening to Music"],"combinedwith":["Surgical Therapy"],"fundamentaltherapy":["elective septal myectomy, valve replacement, or coronary artery bypass graft operations"],"interventionsetting":["Hospitals"]},{"mbiid":127,"interventiontype":["Multimodal Combination"],"combinedwith":["Medication Therapy","Rehabilitation Therapy"],"fundamentaltherapy":["Standard Burn Care"],"interventionsetting":["Hospitals"]},{"mbiid":128,"interventiontype":["N"],"combinedwith":["NA"],"fundamentaltherapy":["NA"],"interventionsetting":["NA"]},{"mbiid":129,"interventiontype":["NA"],"combinedwith":["Not Combined"],"fundamentaltherapy":["NA"],"interventionsetting":["NA"]},{"mbiid":130,"interventiontype":["Listening to Music"],"combinedwith":["Rehabilitation Therapy","Other Therapy"],"fundamentaltherapy":["Physical therapy program"],"interventionsetting":["Hospitals"]},{"mbiid":131,"interventiontype":["Listening to Music(live)*"],"combinedwith":["Surgical Therapy"],"fundamentaltherapy":["Hematopoietic stem cell transplantation (HSCT)"],"interventionsetting":["Hospitals"]},{"mbiid":132,"interventiontype":["Other Methods"],"combinedwith":["Surgical Therapy"],"fundamentaltherapy":["Hematopoietic stem cell transplantation (HSCT)"],"interventionsetting":["Other Venues"]},{"mbiid":133,"interventiontype":["Multimodal Combination"],"combinedwith":["Surgical Therapy"],"fundamentaltherapy":["allogeneic hematopoietic stem cell transplantation (allo-HSCT)"],"interventionsetting":["Hospitals"]},{"mbiid":134,"interventiontype":["Multimodal Combination"],"combinedwith":["Surgical Therapy"],"fundamentaltherapy":["Hematopoietic stem cell transplantation (HSCT)"],"interventionsetting":["Other Venues"]},{"mbiid":135,"interventiontype":["Music Training*"],"combinedwith":["Physical Therapy"],"fundamentaltherapy":["standard physiotherapy treatment "],"interventionsetting":["Hospitals"]},{"mbiid":136,"interventiontype":["Multimodal Combination"],"combinedwith":["Not Combined"],"fundamentaltherapy":["NA"],"interventionsetting":["NA"]},{"mbiid":137,"interventiontype":["Listening to Music","Specialized Music Therapy Techniques"],"combinedwith":["Physical Therapy"],"fundamentaltherapy":["treadmill"],"interventionsetting":["Hospitals"]},{"mbiid":138,"interventiontype":["Specialized Music Therapy Techniques"],"combinedwith":["Rehabilitation Therapy"],"fundamentaltherapy":["conventional cognitive rehabilitation (CCR)"],"interventionsetting":["Other Venues"]},{"mbiid":139,"interventiontype":["Listening to Music"],"combinedwith":["Surgical Therapy"],"fundamentaltherapy":["dental extraction"],"interventionsetting":["Clinics"]},{"mbiid":140,"interventiontype":["Listening to Music"],"combinedwith":["Surgical Therapy"],"fundamentaltherapy":["scheduled dental procedure"],"interventionsetting":["Clinics"]},{"mbiid":141,"interventiontype":["Listening to Music"],"combinedwith":["Surgical Therapy"],"fundamentaltherapy":["NA"],"interventionsetting":["Clinics"]},{"mbiid":142,"interventiontype":["N"],"combinedwith":["NA"],"fundamentaltherapy":["NA"],"interventionsetting":["NA"]},{"mbiid":143,"interventiontype":["Improvisation","Instrument Playing","Music Training"],"combinedwith":["Not Combined"],"fundamentaltherapy":["NA"],"interventionsetting":["Other Venues"]},{"mbiid":144,"interventiontype":["N"],"combinedwith":["NA"],"fundamentaltherapy":["NA"],"interventionsetting":["NA"]},{"mbiid":145,"interventiontype":["Specialized Music Therapy Techniques"],"combinedwith":["Not Combined"],"fundamentaltherapy":["NA"],"interventionsetting":["Hospitals"]},{"mbiid":146,"interventiontype":["Listening to Music","Other Methods"],"combinedwith":["Other Therapy"],"fundamentaltherapy":["Acupuncture"],"interventionsetting":["Hospitals"]},{"mbiid":147,"interventiontype":["Specialized Music Therapy Techniques"],"combinedwith":["Not Combined"],"fundamentaltherapy":["NA"],"interventionsetting":["Other Venues"]},{"mbiid":148,"interventiontype":["Listening to Music","Other Methods"],"combinedwith":["Not Combined"],"fundamentaltherapy":["NA"],"interventionsetting":["Other Venues"]},{"mbiid":149,"interventiontype":["Listening to Music"],"combinedwith":["Not Combined"],"fundamentaltherapy":["NA"],"interventionsetting":["Other Venues"]},{"mbiid":150,"interventiontype":["Specialized Music Therapy Techniques"],"combinedwith":["Not Combined"],"fundamentaltherapy":["NA"],"interventionsetting":["Other Venues"]},{"mbiid":151,"interventiontype":["N"],"combinedwith":["NA"],"fundamentaltherapy":["NA"],"interventionsetting":["NA"]},{"mbiid":152,"interventiontype":["Listening to Music"],"combinedwith":["Rehabilitation Therapy"],"fundamentaltherapy":["routine clinical treatment and rehabilitation"],"interventionsetting":["Hospitals"]},{"mbiid":153,"interventiontype":["Listening to Music"],"combinedwith":["Medication Therapy","Surgical Therapy"],"fundamentaltherapy":["total knee arthroplasty under spinal anesthesia"],"interventionsetting":["Hospitals"]},{"mbiid":154,"interventiontype":["Listening to Music"],"combinedwith":["Surgical Therapy","Rehabilitation Therapy"],"fundamentaltherapy":["Total knee arthroplasty (TKA)"],"interventionsetting":["Hospitals"]},{"mbiid":155,"interventiontype":["Listening to Music"],"combinedwith":["Surgical Therapy"],"fundamentaltherapy":["knee joint lavage"],"interventionsetting":["Hospitals"]},{"mbiid":156,"interventiontype":["Singing"],"combinedwith":["Surgical Therapy","Rehabilitation Therapy"],"fundamentaltherapy":["Total knee arthroplasty (TKA)"],"interventionsetting":["Rehabilitation Centers"]},{"mbiid":157,"interventiontype":["N"],"combinedwith":["Surgical Therapy"],"fundamentaltherapy":["Total knee arthroplasty (TKA)"],"interventionsetting":["NA"]},{"mbiid":158,"interventiontype":["Listening to Music"],"combinedwith":["Surgical Therapy"],"fundamentaltherapy":["primary total knee arthroplasty"],"interventionsetting":["Hospitals"]},{"mbiid":159,"interventiontype":["Listening to Music"],"combinedwith":["Surgical Therapy"],"fundamentaltherapy":["total knee replacement surgery"],"interventionsetting":["Hospitals"]},{"mbiid":160,"interventiontype":["Multimodal Combination"],"combinedwith":["Rehabilitation Therapy"],"fundamentaltherapy":["Standard Care"],"interventionsetting":["Hospitals"]},{"mbiid":161,"interventiontype":["Listening to Music"],"combinedwith":["Surgical Therapy"],"fundamentaltherapy":["orthopedics surgeries under spinal anesthesia#"],"interventionsetting":["Hospitals"]},{"mbiid":162,"interventiontype":["Listening to Music"],"combinedwith":["Surgical Therapy"],"fundamentaltherapy":["Spinal surgery# "],"interventionsetting":["Hospitals"]},{"mbiid":163,"interventiontype":["Listening to Music"],"combinedwith":["Surgical Therapy"],"fundamentaltherapy":["gynecologic surgery#"],"interventionsetting":["Hospitals"]},{"mbiid":164,"interventiontype":["Listening to Music"],"combinedwith":["Surgical Therapy"],"fundamentaltherapy":["Nasal Septal Surgery(Septoplasty)"],"interventionsetting":["Hospitals"]},{"mbiid":165,"interventiontype":["Listening to Music"],"combinedwith":["Surgical Therapy"],"fundamentaltherapy":["open heart surgery#"],"interventionsetting":["Hospitals"]},{"mbiid":166,"interventiontype":["Listening to Music"],"combinedwith":["Surgical Therapy"],"fundamentaltherapy":["arteriovenous fistula creation surgery"],"interventionsetting":["Hospitals"]},{"mbiid":167,"interventiontype":["Listening to Music"],"combinedwith":["Surgical Therapy"],"fundamentaltherapy":["Cataract surgery"],"interventionsetting":["Hospitals"]},{"mbiid":168,"interventiontype":["Listening to Music"],"combinedwith":["Surgical Therapy"],"fundamentaltherapy":["coronary artery bypass graft surgery (CABG)"],"interventionsetting":["Hospitals"]},{"mbiid":169,"interventiontype":["Listening to Music"],"combinedwith":["Surgical Therapy"],"fundamentaltherapy":["day surgery#"],"interventionsetting":["Hospitals"]},{"mbiid":170,"interventiontype":["Listening to Music"],"combinedwith":["Surgical Therapy"],"fundamentaltherapy":["inguinal hernia repair#"],"interventionsetting":["Hospitals"]},{"mbiid":171,"interventiontype":["Listening to Music"],"combinedwith":["Surgical Therapy"],"fundamentaltherapy":["septorhinoplasty surgery"],"interventionsetting":["Hospitals"]},{"mbiid":172,"interventiontype":["Listening to Music"],"combinedwith":["Surgical Therapy"],"fundamentaltherapy":["NA*"],"interventionsetting":["Hospitals"]},{"mbiid":173,"interventiontype":["Listening to Music"],"combinedwith":["Standard of Care"],"fundamentaltherapy":["general prenatal care"],"interventionsetting":["Other Venues"]},{"mbiid":174,"interventiontype":["Listening to Music"],"combinedwith":["Standard of Care"],"fundamentaltherapy":["Standard of care"],"interventionsetting":["In-Home Settings"]},{"mbiid":175,"interventiontype":["Listening to Music"],"combinedwith":["Standard of Care"],"fundamentaltherapy":["Standard of care"],"interventionsetting":["Hospitals"]},{"mbiid":176,"interventiontype":["Listening to Music"],"combinedwith":["Surgical Therapy"],"fundamentaltherapy":["Standard of care"],"interventionsetting":["Hospitals"]},{"mbiid":177,"interventiontype":["Listening to Music"],"combinedwith":["Standard of Care"],"fundamentaltherapy":["Standard of care"],"interventionsetting":["Hospitals"]},{"mbiid":178,"interventiontype":["Listening to Music"],"combinedwith":["Standard of Care"],"fundamentaltherapy":["Standard of care"],"interventionsetting":["Hospitals"]},{"mbiid":179,"interventiontype":["Listening to Music"],"combinedwith":["Standard of Care"],"fundamentaltherapy":["Standard of care"],"interventionsetting":["Hospitals"]},{"mbiid":180,"interventiontype":["N"],"combinedwith":["NA"],"fundamentaltherapy":["NA"],"interventionsetting":["NA"]},{"mbiid":181,"interventiontype":["Listening to Music"],"combinedwith":["Not Combined"],"fundamentaltherapy":["NA"],"interventionsetting":["NA"]},{"mbiid":182,"interventiontype":["Listening to Music"],"combinedwith":["Standard of Care"],"fundamentaltherapy":["Standard of care"],"interventionsetting":["Hospitals"]},{"mbiid":183,"interventiontype":["Listening to Music"],"combinedwith":["Medication Therapy"],"fundamentaltherapy":["NA"],"interventionsetting":["In-Home Settings"]},{"mbiid":184,"interventiontype":["Listening to Music"],"combinedwith":["Physical Therapy"],"fundamentaltherapy":["shock wave lithotripsy (SWL"],"interventionsetting":["Hospitals"]},{"mbiid":185,"interventiontype":["Listening to Music"],"combinedwith":["Physical Therapy"],"fundamentaltherapy":["extracorporeal shockwave lithotripsy (SWL)"],"interventionsetting":["Hospitals"]},{"mbiid":186,"interventiontype":["N"],"combinedwith":["Physical Therapy"],"fundamentaltherapy":["shock wave lithotripsy"],"interventionsetting":["NA"]},{"mbiid":187,"interventiontype":["N"],"combinedwith":["NA"],"fundamentaltherapy":["NA"],"interventionsetting":["NA"]},{"mbiid":188,"interventiontype":["N"],"combinedwith":["NA"],"fundamentaltherapy":["NA"],"interventionsetting":["NA"]},{"mbiid":189,"interventiontype":["Listening to Music"],"combinedwith":["Not Combined"],"fundamentaltherapy":["NA"],"interventionsetting":["In-Home Settings"]},{"mbiid":190,"interventiontype":["Multimodal Combination"],"combinedwith":["Not Combined"],"fundamentaltherapy":["NA"],"interventionsetting":["Hospitals"]},{"mbiid":191,"interventiontype":["Multimodal Combination"],"combinedwith":["Not Combined"],"fundamentaltherapy":["NA"],"interventionsetting":["Other Venues"]},{"mbiid":192,"interventiontype":["Specialized Music Therapy Techniques"],"combinedwith":["Not Combined"],"fundamentaltherapy":["NA"],"interventionsetting":["Other Venues"]},{"mbiid":193,"interventiontype":["Listening to Music"],"combinedwith":["Medication Therapy"],"fundamentaltherapy":["NA"],"interventionsetting":["Hospitals*"]},{"mbiid":194,"interventiontype":["Multimodal Combination"],"combinedwith":["Not Combined"],"fundamentaltherapy":["NA"],"interventionsetting":["A"]},{"mbiid":195,"interventiontype":["Specialized Music Therapy Techniques","Other Methods"],"combinedwith":["Not Combined"],"fundamentaltherapy":["NA"],"interventionsetting":["Other Venues"]},{"mbiid":196,"interventiontype":["Singing"],"combinedwith":["Other Therapy"],"fundamentaltherapy":["routine respiratory function training"],"interventionsetting":["Rehabilitation Centers"]},{"mbiid":197,"interventiontype":["Specialized Music Therapy Techniques"],"combinedwith":["Other Therapy"],"fundamentaltherapy":["respiratory physical therapy"],"interventionsetting":["Hospitals"]},{"mbiid":198,"interventiontype":["Listening to Music"],"combinedwith":["nan"],"fundamentaltherapy":["blood or marrow transplant (BMT)"],"interventionsetting":["Hospitals"]},{"mbiid":199,"interventiontype":["Listening to Music","Music Making","*(live)"],"combinedwith":["Surgical Therapy"],"fundamentaltherapy":["High-dose therapy with autologous stem cell transplantation (HDT\/ASCT)"],"interventionsetting":["In-Home Settings"]},{"mbiid":200,"interventiontype":["Listening to Music"],"combinedwith":["Procedure"],"fundamentaltherapy":["coronary angiography"],"interventionsetting":["Hospitals"]},{"mbiid":201,"interventiontype":["Listening to Music"],"combinedwith":["Medication Therapy","Surgical Therapy"],"fundamentaltherapy":["NA"],"interventionsetting":["NA"]},{"mbiid":202,"interventiontype":["Multimodal Combination*"],"combinedwith":["Not Combined"],"fundamentaltherapy":["NA"],"interventionsetting":["NA"]},{"mbiid":203,"interventiontype":["Specialized Music Therapy Techniques"],"combinedwith":["Other Therapy"],"fundamentaltherapy":["\u5c55\u793a\u56fe\u7247"],"interventionsetting":["Other Venues"]},{"mbiid":204,"interventiontype":["Listening to Music(live)"],"combinedwith":["Chemotherapy"],"fundamentaltherapy":["Vojta Therapy and respiratory therapy"],"interventionsetting":["Hospitals"]},{"mbiid":205,"interventiontype":["Listening to Music","Improvisation"],"combinedwith":["Standard of Care"],"fundamentaltherapy":["Standard of Care"],"interventionsetting":["Other Venues"]},{"mbiid":206,"interventiontype":["Multimodal Combination"],"combinedwith":["Standard of Care"],"fundamentaltherapy":["Standard of Care"],"interventionsetting":["Hospitals"]},{"mbiid":207,"interventiontype":["Multimodal Combination","Other Methods"],"combinedwith":["Not Combined"],"fundamentaltherapy":["NA"],"interventionsetting":["Other Venues(psychiatric day care centre)"]},{"mbiid":208,"interventiontype":["Multimodal Combination"],"combinedwith":["Not Combined"],"fundamentaltherapy":["NA"],"interventionsetting":["Hospitals"]},{"mbiid":209,"interventiontype":["Multimodal Combination"],"combinedwith":["Other Therapy"],"fundamentaltherapy":["Meal support therapy"],"interventionsetting":["Hospitals"]},{"mbiid":210,"interventiontype":["Multimodal Combination"],"combinedwith":["Other Therapy"],"fundamentaltherapy":["Meal support therapy"],"interventionsetting":["Hospitals"]},{"mbiid":211,"interventiontype":["Listening to Music(live)"],"combinedwith":["Rehabilitation Therapy","Standard of Care"],"fundamentaltherapy":["hemodialysis treatments","Standard of Care"],"interventionsetting":["Hospitals"]},{"mbiid":212,"interventiontype":["Listening to Music"],"combinedwith":["Rehabilitation Therapy"],"fundamentaltherapy":["hemodialysis treatments"],"interventionsetting":["Outpatient Facilities"]},{"mbiid":213,"interventiontype":["Listening to Music"],"combinedwith":["Medication Therapy","Surgical Therapy"],"fundamentaltherapy":["NA"],"interventionsetting":["Hospitals"]},{"mbiid":214,"interventiontype":["Listening to Music"],"combinedwith":["Rehabilitation Therapy","Other Therapy"],"fundamentaltherapy":["hemodialysis treatments","Benson relaxation technique"],"interventionsetting":["Hospitals"]},{"mbiid":215,"interventiontype":["Listening to Music"],"combinedwith":["Radiation Therapy"],"fundamentaltherapy":["Radtation Therapy"],"interventionsetting":["Hospitals"]},{"mbiid":216,"interventiontype":["Listening to Music"],"combinedwith":["Other Therapy","Standard of Care"],"fundamentaltherapy":["Mindfulness-based stress reduction (MBSR)","Standard of Care"],"interventionsetting":["Hospitals"]},{"mbiid":217,"interventiontype":["Listening to Music"],"combinedwith":["Standard of Care"],"fundamentaltherapy":["Standard of Care"],"interventionsetting":["Hospitals"]},{"mbiid":218,"interventiontype":["N"],"combinedwith":["NA"],"fundamentaltherapy":["NA"],"interventionsetting":["NA"]},{"mbiid":219,"interventiontype":["9(Music control attention training MACT)"],"combinedwith":["Other Therapy"],"fundamentaltherapy":["attention process training"],"interventionsetting":["NA"]},{"mbiid":220,"interventiontype":["Listening to Music","Multimodal Combination"],"combinedwith":["Surgical Therapy"],"fundamentaltherapy":["NA"],"interventionsetting":["Hospitals"]},{"mbiid":221,"interventiontype":["Listening to Music"],"combinedwith":["Other Therapy"],"fundamentaltherapy":["vitro fertilization-embryo transfer"],"interventionsetting":["Hospitals"]},{"mbiid":222,"interventiontype":["Listening to Music"],"combinedwith":["Surgical Therapy","Standard of Care"],"fundamentaltherapy":["total laparoscopic hysterectomy","Standard of Care"],"interventionsetting":["Hospitals"]},{"mbiid":223,"interventiontype":["Listening to Music"],"combinedwith":["Surgical Therapy"],"fundamentaltherapy":["pleural procedure"],"interventionsetting":["Hospitals"]},{"mbiid":224,"interventiontype":["Listening to Music"],"combinedwith":["Surgical Therapy"],"fundamentaltherapy":["inguinal hernia repair or varicose vein surgery"],"interventionsetting":["Hospitals"]},{"mbiid":225,"interventiontype":["Listening to Music"],"combinedwith":["Standard of Care"],"fundamentaltherapy":["Standard of Care"],"interventionsetting":["Hospitals"]},{"mbiid":226,"interventiontype":["Listening to Music"],"combinedwith":["Surgical Therapy"],"fundamentaltherapy":["robotic-assisted laparoscopic prostatectomy (RALP)"],"interventionsetting":["Hospitals"]},{"mbiid":227,"interventiontype":["Listening to Music"],"combinedwith":["Other Therapy"],"fundamentaltherapy":["port catheter placement procedures (PCPPs)"],"interventionsetting":["Hospitals"]},{"mbiid":228,"interventiontype":["Listening to Music"],"combinedwith":["Surgical Therapy"],"fundamentaltherapy":["open Lichtenstein inguinal hernia repair surgery"],"interventionsetting":["Hospitals"]},{"mbiid":229,"interventiontype":["Music Training"],"combinedwith":["Surgical Therapy"],"fundamentaltherapy":["orthopedic surgery#"],"interventionsetting":["NA"]},{"mbiid":230,"interventiontype":["Listening to Music"],"combinedwith":["Surgical Therapy"],"fundamentaltherapy":["elective varicose vein crossectomy with GSV stripping"],"interventionsetting":["Hospitals"]},{"mbiid":231,"interventiontype":["Listening to Music"],"combinedwith":["Surgical Therapy"],"fundamentaltherapy":["Percutaneous transluminal coronary angioplasty (PTCA)"],"interventionsetting":["Hospitals"]},{"mbiid":232,"interventiontype":["Listening to Music"],"combinedwith":["Standard of Care"],"fundamentaltherapy":["Standard of Care"],"interventionsetting":["Hospitals","In-Home Settings"]},{"mbiid":233,"interventiontype":["Listening to Music"],"combinedwith":["Surgical Therapy"],"fundamentaltherapy":["mechanical valve replacement#"],"interventionsetting":["Hospitals","In-Home Settings"]},{"mbiid":234,"interventiontype":["Listening to Music"],"combinedwith":["Surgical Therapy"],"fundamentaltherapy":["coronary artery bypass grafting"],"interventionsetting":["Hospitals"]},{"mbiid":235,"interventiontype":["Listening to Music"],"combinedwith":["Surgical Therapy"],"fundamentaltherapy":["mechanical mitral valve replacement (MVR)"],"interventionsetting":["Hospitals"]},{"mbiid":236,"interventiontype":["Listening to Music"],"combinedwith":["Surgical Therapy"],"fundamentaltherapy":["percutaneous coronary interventions (PCI)"],"interventionsetting":["Hospitals"]},{"mbiid":237,"interventiontype":["Listening to Music"],"combinedwith":["Surgical Therapy"],"fundamentaltherapy":["coronary artery bypass graft (CABG)"],"interventionsetting":["Hospitals"]},{"mbiid":238,"interventiontype":["Listening to Music"],"combinedwith":["Other Therapy","Standard of Care"],"fundamentaltherapy":["Exercise Prescription","Standard of Care"," "],"interventionsetting":["Hospitals"]},{"mbiid":239,"interventiontype":["Listening to Music(live)"],"combinedwith":["Radiation Therapy"],"fundamentaltherapy":["Radiation Therapy"],"interventionsetting":["Hospitals"]},{"mbiid":240,"interventiontype":["Listening to Music"],"combinedwith":["Radiation Therapy","Standard of Care"],"fundamentaltherapy":["Radiation Therapy","Standard of Care"],"interventionsetting":["Hospitals"]},{"mbiid":241,"interventiontype":["Listening to Music"],"combinedwith":["Radiation Therapy"],"fundamentaltherapy":["postoperative curative radiotherapy"],"interventionsetting":["Hospitals"]},{"mbiid":242,"interventiontype":["Listening to Music"],"combinedwith":["Chemotherapy"],"fundamentaltherapy":["Chemotherapy Therapy"],"interventionsetting":["Hospitals"]},{"mbiid":243,"interventiontype":["Listening to Music","Other Methods"],"combinedwith":["Radiation Therapy"],"fundamentaltherapy":["Radiation Therapy"],"interventionsetting":["Hospitals"]},{"mbiid":244,"interventiontype":["Listening to Music"],"combinedwith":["Medication Therapy"],"fundamentaltherapy":["preoperative ultrasound-guided single-injection peripheral nerve block"],"interventionsetting":["Hospitals"]},{"mbiid":245,"interventiontype":["Listening to Music"],"combinedwith":["Medication Therapy","Surgical Therapy"],"fundamentaltherapy":["surgery planned with a local spinal, peridural, or brachial plexus anesthesia"],"interventionsetting":["Hospitals"]},{"mbiid":246,"interventiontype":["Listening to Music"],"combinedwith":["Standard of Care","Procedure"],"fundamentaltherapy":["Standard of Care","transvaginal ultrasound (TVUS)"],"interventionsetting":["Hospitals"]},{"mbiid":247,"interventiontype":["Listening to Music"],"combinedwith":["Procedure"],"fundamentaltherapy":["diagnostic bone marrow biopsy and aspiration"],"interventionsetting":["Hospitals"]},{"mbiid":248,"interventiontype":["N"],"combinedwith":["Procedure"],"fundamentaltherapy":["bronchoscopy"],"interventionsetting":["NA"]},{"mbiid":249,"interventiontype":["N"],"combinedwith":["Procedure"],"fundamentaltherapy":["gastrointestinal endoscopic procedure"],"interventionsetting":["NA"]},{"mbiid":250,"interventiontype":["Listening to Music"],"combinedwith":["Procedure","Other Therapy"],"fundamentaltherapy":["Magnetic resonance imaging (MRI)","Aromatherapy"],"interventionsetting":["Hospitals"]},{"mbiid":251,"interventiontype":["N"],"combinedwith":["Procedure"],"fundamentaltherapy":["prostate biopsy"],"interventionsetting":["NA"]},{"mbiid":252,"interventiontype":["Listening to Music"],"combinedwith":["Procedure"],"fundamentaltherapy":["colonoscopy"],"interventionsetting":["Hospitals"]},{"mbiid":253,"interventiontype":["N"],"combinedwith":["Procedure"],"fundamentaltherapy":["biopsy procedure"],"interventionsetting":["NA"]},{"mbiid":254,"interventiontype":["9(the Bonny Method of Guided Imagery and Music (BMGIM))"],"combinedwith":["NA\t"],"fundamentaltherapy":["NA"],"interventionsetting":["Hospitals"]},{"mbiid":255,"interventiontype":["Listening to Music"],"combinedwith":["Not Combined"],"fundamentaltherapy":["NA"],"interventionsetting":["Hospitals"]},{"mbiid":256,"interventiontype":["Listening to Music"],"combinedwith":["Medication Therapy"],"fundamentaltherapy":["routine treatment"],"interventionsetting":["Hospitals"]},{"mbiid":257,"interventiontype":["Listening to Music"],"combinedwith":["Other Therapy"],"fundamentaltherapy":["loaded sit-to-stand (LSTS)"],"interventionsetting":["Hospitals*"]},{"mbiid":258,"interventiontype":["Music Making","Improvisation"],"combinedwith":["Standard of Care"],"fundamentaltherapy":["Standard of Care"],"interventionsetting":["Hospitals"]},{"mbiid":259,"interventiontype":["Music Training","Singing"],"combinedwith":["Physical Therapy"],"fundamentaltherapy":["music-based breathing, gentle stretching, relaxation and singing exercises"],"interventionsetting":["In-Home Settings"]},{"mbiid":260,"interventiontype":["Listening to Music"],"combinedwith":["Physical Therapy"],"fundamentaltherapy":["Routine chest physiotherapy (CPT)"],"interventionsetting":["In-Home Settings"]},{"mbiid":261,"interventiontype":["Listening to Music"],"combinedwith":["Physical Therapy"],"fundamentaltherapy":["Airway clearance therapy (ACT)"],"interventionsetting":["Hospitals"]},{"mbiid":262,"interventiontype":["N"],"combinedwith":["Other Therapy"],"fundamentaltherapy":["Art Therapy"],"interventionsetting":["NA\t"]},{"mbiid":263,"interventiontype":["Listening to Music","Instrument Playing"],"combinedwith":["Standard of Care"],"fundamentaltherapy":["Standard of Care"],"interventionsetting":["Hospitals"]},{"mbiid":264,"interventiontype":["Instrument Playing(group)"],"combinedwith":["Not Combined"],"fundamentaltherapy":["NA"],"interventionsetting":["Hospitals"]},{"mbiid":265,"interventiontype":["Listening to Music"],"combinedwith":["Surgical Therapy"],"fundamentaltherapy":["root canal therapy"],"interventionsetting":["Hospitals"]},{"mbiid":266,"interventiontype":["Listening to Music"],"combinedwith":["Surgical Therapy"],"fundamentaltherapy":["nasal bone fracture reduction with standardized local anesthesia"],"interventionsetting":["Hospitals"]},{"mbiid":267,"interventiontype":["Listening to Music"],"combinedwith":["Surgical Therapy","15"],"fundamentaltherapy":["intraarticular injection, fracture reduction, and cast removal"],"interventionsetting":["Hospitals"]},{"mbiid":268,"interventiontype":["N"],"combinedwith":["Surgical Therapy"],"fundamentaltherapy":["orthopedic surgery#"],"interventionsetting":["NA"]},{"mbiid":269,"interventiontype":["N"],"combinedwith":["NA"],"fundamentaltherapy":["NA"],"interventionsetting":["NA"]},{"mbiid":270,"interventiontype":["Listening to Music(live)"],"combinedwith":["Surgical Therapy","Rehabilitation Therapy"],"fundamentaltherapy":["analgesia(66%)","noninvasive mechanical ventilation(34.7%)","volume-controlled invasive mechanical ventilation(23.2%)"],"interventionsetting":["Hospitals"]},{"mbiid":271,"interventiontype":["Listening to Music"],"combinedwith":["Surgical Therapy"],"fundamentaltherapy":["gynecological laparoscopic surgery#"],"interventionsetting":["Hospitals"]},{"mbiid":272,"interventiontype":["Listening to Music"],"combinedwith":["Not Combined"],"fundamentaltherapy":["NA"],"interventionsetting":["Hospitals"]},{"mbiid":273,"interventiontype":["Listening to Music"],"combinedwith":["Standard of Care"],"fundamentaltherapy":["Standard of Care"],"interventionsetting":["Hospitals"]},{"mbiid":274,"interventiontype":["N"],"combinedwith":["Procedure"],"fundamentaltherapy":["breast biopsy"],"interventionsetting":["NA"]},{"mbiid":275,"interventiontype":["NA"],"combinedwith":["Not Combined"],"fundamentaltherapy":["NA"],"interventionsetting":["NA"]},{"mbiid":276,"interventiontype":["N"],"combinedwith":["NA"],"fundamentaltherapy":["NA"],"interventionsetting":["NA"]},{"mbiid":277,"interventiontype":["Listening to Music"],"combinedwith":["Surgical Therapy"],"fundamentaltherapy":["Wide-awake local anesthesia no-tourniquet (WALANT) hand surgery#"],"interventionsetting":["Hospitals"]},{"mbiid":278,"interventiontype":["Listening to Music"],"combinedwith":["Other Therapy"],"fundamentaltherapy":["aromatherapy"],"interventionsetting":["Hospitals"]},{"mbiid":279,"interventiontype":["Specialized Music Therapy Techniques"],"combinedwith":["Other Therapy"],"fundamentaltherapy":["cognitive behavioral therapy (CBT)"],"interventionsetting":["NA"]},{"mbiid":280,"interventiontype":["Listening to Music"],"combinedwith":["Other Therapy"],"fundamentaltherapy":["aromatherapy"],"interventionsetting":["Other Venues"]},{"mbiid":281,"interventiontype":["Listening to Music"],"combinedwith":["Procedure"],"fundamentaltherapy":["cast application, cast removal, pin removal, or suture removal"],"interventionsetting":["Hospitals"]},{"mbiid":282,"interventiontype":["N"],"combinedwith":["Surgical Therapy"],"fundamentaltherapy":["assisted reproductive technologies (ART)#"],"interventionsetting":["NA"]},{"mbiid":283,"interventiontype":["Listening to Music"],"combinedwith":["Physical Therapy"],"fundamentaltherapy":["mechanical ventilation"],"interventionsetting":["Hospitals"]},{"mbiid":284,"interventiontype":["N"],"combinedwith":["NA"],"fundamentaltherapy":["NA"],"interventionsetting":["NA"]},{"mbiid":285,"interventiontype":["Listening to Music","Other Methods"],"combinedwith":["Not Combined"],"fundamentaltherapy":["NA"],"interventionsetting":["Hospitals"]},{"mbiid":286,"interventiontype":["Listening to Music","Singing","Instrument Playing"],"combinedwith":["Not Combined"],"fundamentaltherapy":["NA"],"interventionsetting":["Other Venues"]},{"mbiid":287,"interventiontype":["Listening to Music","Improvisation","Other Methods"],"combinedwith":["Not Combined"],"fundamentaltherapy":["NA"],"interventionsetting":["Hospitals"]},{"mbiid":288,"interventiontype":["Listening to Music"],"combinedwith":["Not Combined"],"fundamentaltherapy":["NA"],"interventionsetting":["Nursing Homes"]},{"mbiid":289,"interventiontype":["Listening to Music"],"combinedwith":["Medication Therapy","Rehabilitation Therapy"],"fundamentaltherapy":["exercise\/music therapy"],"interventionsetting":["NA"]},{"mbiid":290,"interventiontype":["Improvisation","Instrument Playing"],"combinedwith":["Medication Therapy","Psysical Therapy","Standard of Care"],"fundamentaltherapy":["Standard of Care"],"interventionsetting":["NA"]},{"mbiid":291,"interventiontype":["N"],"combinedwith":["NA"],"fundamentaltherapy":["NA"],"interventionsetting":["NA\t"]},{"mbiid":292,"interventiontype":["N"],"combinedwith":["NA"],"fundamentaltherapy":["NA"],"interventionsetting":["NA"]},{"mbiid":293,"interventiontype":["N"],"combinedwith":["NA"],"fundamentaltherapy":["NA"],"interventionsetting":["NA"]},{"mbiid":294,"interventiontype":["N"],"combinedwith":["NA"],"fundamentaltherapy":["NA"],"interventionsetting":["NA"]},{"mbiid":295,"interventiontype":["Specialized Music Therapy Techniques"],"combinedwith":["Not Combined"],"fundamentaltherapy":["NA"],"interventionsetting":["Other Venues"]},{"mbiid":296,"interventiontype":["Listening to Music","Other Methods"],"combinedwith":["Not Combined"],"fundamentaltherapy":["NA"],"interventionsetting":["Hospitals"]},{"mbiid":297,"interventiontype":["Specialized Music Therapy Techniques"],"combinedwith":["Rehabilitation Therapy","Other Therapy"],"fundamentaltherapy":["NA"],"interventionsetting":["Hospitals"]},{"mbiid":298,"interventiontype":["Listening to Music"],"combinedwith":["Medication Therapy"],"fundamentaltherapy":["Analgesic"],"interventionsetting":["Hospitals"]},{"mbiid":299,"interventiontype":["Listening to Music"],"combinedwith":["Other Therapy"],"fundamentaltherapy":["Yoga and Music Intervention"],"interventionsetting":["Other Venues"]},{"mbiid":300,"interventiontype":["Specialized Music Therapy Techniques"],"combinedwith":["Not Combined"],"fundamentaltherapy":["NA"],"interventionsetting":["Other Venues"]},{"mbiid":301,"interventiontype":["Listening to Music"],"combinedwith":["Surgical Therapy","Standard of Care"],"fundamentaltherapy":["sternotomy procedure","Standard of Care"],"interventionsetting":["Hospitals"]},{"mbiid":302,"interventiontype":["Improvisation","Instrument Playing","Specialized Music Therapy Techniques"],"combinedwith":["Not Combined"],"fundamentaltherapy":["NA"],"interventionsetting":["Other Venues"]},{"mbiid":303,"interventiontype":["N"],"combinedwith":["NA"],"fundamentaltherapy":["NA"],"interventionsetting":["NA"]},{"mbiid":304,"interventiontype":["Specialized Music Therapy Techniques"],"combinedwith":["Medication Therapy","Standard of Care"],"fundamentaltherapy":["Standard of Care"],"interventionsetting":["Nursing Homes"]},{"mbiid":305,"interventiontype":["Specialized Music Therapy Techniques"],"combinedwith":["Rehabilitation Therapy","Other Therapy"],"fundamentaltherapy":["NA"],"interventionsetting":["Hospitals"]},{"mbiid":306,"interventiontype":["Multimodal Combination"],"combinedwith":["Standard of Care"],"fundamentaltherapy":["Standard of Care"],"interventionsetting":["Nursing Homes"]},{"mbiid":307,"interventiontype":["Listening to Music","Other Methods"],"combinedwith":["NA\t"],"fundamentaltherapy":["NA"],"interventionsetting":["Other Venues"]},{"mbiid":308,"interventiontype":["A Mini Mental State Examination (MMSE)17 score lower or equal to 22\/30 and a Clinical Dementia Rating (CDR)18 score higher or equal to 2\/5."],"combinedwith":["Standard of Care"],"fundamentaltherapy":["Standard of Care"],"interventionsetting":["Nursing Homes"]},{"mbiid":309,"interventiontype":["Listening to Music"],"combinedwith":["Standard of Care"],"fundamentaltherapy":["Standard of Care"],"interventionsetting":["Hospitals"]},{"mbiid":310,"interventiontype":["Listening to Music"],"combinedwith":["Standard of Care"],"fundamentaltherapy":["Standard of Care"],"interventionsetting":["Other Venues"]},{"mbiid":311,"interventiontype":["Multimodal Combination"],"combinedwith":["Medication Therapy"],"fundamentaltherapy":["NA"],"interventionsetting":["Other Venues"]},{"mbiid":312,"interventiontype":["Multimodal Combination"],"combinedwith":["Medication Therapy","Standard of Care"],"fundamentaltherapy":["Standard of Care"],"interventionsetting":["Other Venues"]},{"mbiid":313,"interventiontype":["N"],"combinedwith":["NA"],"fundamentaltherapy":["NA"],"interventionsetting":["NA"]},{"mbiid":314,"interventiontype":["N"],"combinedwith":["NA"],"fundamentaltherapy":["NA"],"interventionsetting":["NA"]},{"mbiid":315,"interventiontype":["N"],"combinedwith":["NA"],"fundamentaltherapy":["NA"],"interventionsetting":["NA"]},{"mbiid":316,"interventiontype":["N"],"combinedwith":["NA"],"fundamentaltherapy":["NA"],"interventionsetting":["NA"]},{"mbiid":317,"interventiontype":["N"],"combinedwith":["NA"],"fundamentaltherapy":["NA"],"interventionsetting":["NA"]},{"mbiid":318,"interventiontype":["N"],"combinedwith":["NA"],"fundamentaltherapy":["NA"],"interventionsetting":["NA"]},{"mbiid":319,"interventiontype":["N"],"combinedwith":["NA"],"fundamentaltherapy":["NA"],"interventionsetting":["NA"]},{"mbiid":320,"interventiontype":["Listening to Music"],"combinedwith":["Other Therapy"],"fundamentaltherapy":["NA"],"interventionsetting":["In-Home Settings"]},{"mbiid":321,"interventiontype":["Specialized Music Therapy Techniques"],"combinedwith":["Not Combined"],"fundamentaltherapy":["NA"],"interventionsetting":["NA"]},{"mbiid":322,"interventiontype":["N"],"combinedwith":["NA"],"fundamentaltherapy":["NA"],"interventionsetting":["NA"]},{"mbiid":323,"interventiontype":["Specialized Music Therapy Techniques"],"combinedwith":["Other Therapy"],"fundamentaltherapy":["reminiscence therapy"],"interventionsetting":["In-Home Settings*"]},{"mbiid":324,"interventiontype":["N"],"combinedwith":["NA"],"fundamentaltherapy":["NA"],"interventionsetting":["NA"]},{"mbiid":325,"interventiontype":["Listening to Music(live)"],"combinedwith":["Standard of Care"],"fundamentaltherapy":["Standard of Care"],"interventionsetting":["Nursing Homes"]},{"mbiid":326,"interventiontype":["Multimodal Combination"],"combinedwith":["Other Therapy"],"fundamentaltherapy":["orientation train ing, exercise and art-cognitive activities"],"interventionsetting":["Nursing Homes"]},{"mbiid":327,"interventiontype":["Listening to Music","Music Making"],"combinedwith":["Not Combined"],"fundamentaltherapy":["NA"],"interventionsetting":["NA"]},{"mbiid":328,"interventiontype":["Specialized Music Therapy Techniques"],"combinedwith":["Not Combined"],"fundamentaltherapy":["NA"],"interventionsetting":["In-Home Settings"]}]